Path,Class,Spectral Centroid Overall Average 1,Spectral Centroid Overall Standard Deviation 1,Spectral Rolloff Point Overall Average 1,Spectral Rolloff Point Overall Standard Deviation 1,Spectral Flux Overall Average 1,Spectral Flux Overall Standard Deviation 1,Compactness Overall Average 1,Compactness Overall Standard Deviation 1,Spectral Variability Overall Average 1,Spectral Variability Overall Standard Deviation 1,Root Mean Square Overall Average 1,Root Mean Square Overall Standard Deviation 1,Fraction Of Low Energy Windows Overall Average 1,Fraction Of Low Energy Windows Overall Standard Deviation 1,Zero Crossings Overall Average 1,Zero Crossings Overall Standard Deviation 1,Strongest Beat Overall Average 1,Strongest Beat Overall Standard Deviation 1,Beat Sum Overall Average 1,Beat Sum Overall Standard Deviation 1,Strength Of Strongest Beat Overall Average 1,Strength Of Strongest Beat Overall Standard Deviation 1,MFCC Overall Average 1,MFCC Overall Average 2,MFCC Overall Average 3,MFCC Overall Average 4,MFCC Overall Average 5,MFCC Overall Average 6,MFCC Overall Average 7,MFCC Overall Average 8,MFCC Overall Average 9,MFCC Overall Average 10,MFCC Overall Average 11,MFCC Overall Average 12,MFCC Overall Average 13,MFCC Overall Standard Deviation 1,MFCC Overall Standard Deviation 2,MFCC Overall Standard Deviation 3,MFCC Overall Standard Deviation 4,MFCC Overall Standard Deviation 5,MFCC Overall Standard Deviation 6,MFCC Overall Standard Deviation 7,MFCC Overall Standard Deviation 8,MFCC Overall Standard Deviation 9,MFCC Overall Standard Deviation 10,MFCC Overall Standard Deviation 11,MFCC Overall Standard Deviation 12,MFCC Overall Standard Deviation 13,LPC Overall Average 1,LPC Overall Average 2,LPC Overall Average 3,LPC Overall Average 4,LPC Overall Average 5,LPC Overall Average 6,LPC Overall Average 7,LPC Overall Average 8,LPC Overall Average 9,LPC Overall Average 10,LPC Overall Standard Deviation 1,LPC Overall Standard Deviation 2,LPC Overall Standard Deviation 3,LPC Overall Standard Deviation 4,LPC Overall Standard Deviation 5,LPC Overall Standard Deviation 6,LPC Overall Standard Deviation 7,LPC Overall Standard Deviation 8,LPC Overall Standard Deviation 9,LPC Overall Standard Deviation 10,Method of Moments Overall Average 1,Method of Moments Overall Average 2,Method of Moments Overall Average 3,Method of Moments Overall Average 4,Method of Moments Overall Average 5,Method of Moments Overall Standard Deviation 1,Method of Moments Overall Standard Deviation 2,Method of Moments Overall Standard Deviation 3,Method of Moments Overall Standard Deviation 4,Method of Moments Overall Standard Deviation 5
Johnny_cash/01 - Cold Lonesome Morning.mp3.wav,Johnny_cash,3.02E+01,1.54E+01,2.13E-01,1.39E-01,1.47E-03,1.96E-03,1658,1.7E+02,2.7E-03,1.32E-03,1.14E-01,4.88E-02,5.71E-01,5.67E-02,7.71E+01,3.21E+01,1.88E+02,2.82E+00,3.33E+02,7.32E+01,9.9E-03,2.83E-04,-1.03E+02,1.4E-01,1.13E+00,1.39E+00,7.51E-01,8.25E-01,-8.26E-01,2.24E+00,2.25E-01,8.99E-01,-3.94E-01,-1.37E-01,-9.78E-01,8.86E+00,3.14E+00,3.29E+00,3.36E+00,2.71E+00,2.23E+00,2.09E+00,2.24E+00,2.14E+00,1.98E+00,1.73E+00,1.92E+00,1.86E+00,-8.59E-01,3.25E-01,-1.14E-01,-9.57E-02,2.73E-02,1.28E-01,-2.01E-02,-8.92E-02,-1.34E-02,0,1.08E-01,2.3E-01,2.15E-01,1.58E-01,1.93E-01,1.57E-01,1.32E-01,1.22E-01,1.38E-01,0,3.6E-01,2.91E-01,7.4E+01,18770,4775000,1.36E-01,3.16E-01,8E+01,20140,5102000
Johnny_cash/01 - Flesh and Blood.mp3.wav,Johnny_cash,2.08E+01,1.33E+01,1.46E-01,1.26E-01,1.67E-03,1.74E-03,1687,1.84E+02,3.7E-03,1.31E-03,1.53E-01,5.09E-02,4.95E-01,3.44E-02,5.84E+01,2.97E+01,1.75E+02,20,6.05E+02,1.02E+02,9.18E-03,1.68E-04,-9.77E+01,4.09E+00,4.62E+00,8.08E-01,-8.49E-01,-7.92E-01,-2.1E-01,5.88E-01,-6.42E-01,-1.06E-01,-3.22E-01,-2.2E-01,-3.58E-01,1.01E+01,3.45E+00,2.93E+00,2.55E+00,2.32E+00,2.13E+00,2.29E+00,2.13E+00,1.91E+00,1.9E+00,1.71E+00,1.68E+00,1.44E+00,-9.09E-01,3.85E-01,-3.76E-01,6.1E-02,3.04E-02,4.68E-02,-5.29E-03,5.23E-02,5.99E-02,0,9E-02,1.84E-01,1.84E-01,1.72E-01,1.45E-01,1.32E-01,1.17E-01,1.11E-01,1.09E-01,0,4.47E-01,1.43E-01,3.65E+01,9274,2362000,1.79E-01,1.73E-01,44,11140,2832000
Johnny_cash/01 - From Sea To Shining Sea.mp3.wav,Johnny_cash,2.06E+01,1.32E+01,1.25E-01,1.2E-01,3.98E-04,4.6E-04,1637,1.65E+02,1.66E-03,8.72E-04,6.68E-02,3.37E-02,5.66E-01,6.22E-02,4.9E+01,2.82E+01,199,2.53E+01,1.17E+02,4.1E+01,9.28E-03,3.79E-04,-122,7.19E+00,3.06E-01,-2.23E+00,-1.62E+00,-6.82E-01,-3.05E-01,2.42E+00,-2.16E-01,-1.16E+00,-1.22E+00,-4.58E-01,-1.09E-01,1.58E+01,4.42E+00,3.77E+00,3.07E+00,2.94E+00,2.48E+00,2.46E+00,2.22E+00,2.1E+00,2.17E+00,2.26E+00,2.12E+00,1.84E+00,-9.33E-01,6.24E-01,-2.13E-01,1.38E-01,1.49E-01,8.02E-02,-5.26E-02,7.78E-02,8.67E-02,0,1.06E-01,2.86E-01,2.71E-01,1.92E-01,1.52E-01,1.51E-01,1.43E-01,1.39E-01,1.3E-01,0,1.71E-01,9.35E-02,2.38E+01,6053,1542000,9.26E-02,1.5E-01,3.81E+01,9644,2449000
Johnny_cash/01 - Gone Girl.mp3.wav,Johnny_cash,2.71E+01,1.31E+01,1.71E-01,1.09E-01,2.72E-03,2.63E-03,1684,1.61E+02,4.52E-03,1.85E-03,1.88E-01,7.23E-02,5.2E-01,5.67E-02,6.65E+01,2.73E+01,2.08E+02,2.13E+01,9.37E+02,2.31E+02,9.5E-03,2.8E-04,-9.14E+01,4E+00,-2.35E+00,2.19E+00,-2.61E-01,-6.12E-01,-9.78E-01,-6.4E-01,-5.61E-01,-1.21E+00,-4.65E-01,9.01E-01,-8.03E-01,1.19E+01,3.82E+00,4.49E+00,3.38E+00,2.43E+00,2.3E+00,2.04E+00,1.79E+00,1.71E+00,1.94E+00,1.5E+00,1.86E+00,1.55E+00,-8.98E-01,5.64E-01,-7.71E-02,-6.97E-02,8.87E-03,2.76E-02,-1.59E-02,8.4E-03,5.24E-02,0,9.91E-02,2.61E-01,2.53E-01,1.61E-01,1.9E-01,1.43E-01,1.43E-01,1.12E-01,1.33E-01,0,5.7E-01,2.22E-01,5.64E+01,14290,3631000,2.24E-01,3.93E-01,9.67E+01,22990,5685000
Johnny_cash/01 - Hiawathas Vision.mp3.wav,Johnny_cash,1.8E+01,1.52E+01,1.05E-01,1.25E-01,2.23E-03,3.69E-03,1598,1.85E+02,3E-03,2.4E-03,1.19E-01,9.02E-02,5.93E-01,5.12E-02,4.26E+01,3.27E+01,1.51E+02,6.28E+01,3.75E+02,9.54E+01,9.62E-03,7.89E-04,-1.17E+02,1.14E+01,9.94E-02,-1.06E+00,-2.39E+00,-3.65E+00,-1.15E+00,-2.4E-01,4.03E-01,-1.1E+00,-9.24E-01,-1.13E+00,-1.2E+00,1.87E+01,4.92E+00,4.72E+00,3.97E+00,2.72E+00,2.65E+00,2.26E+00,2.3E+00,1.94E+00,2.23E+00,1.9E+00,1.77E+00,1.52E+00,-9.43E-01,6.63E-01,-6.2E-02,1.9E-02,9.32E-02,5.75E-02,9.86E-03,1.2E-01,1.08E-01,0,1.26E-01,2.73E-01,2.63E-01,1.84E-01,1.58E-01,1.57E-01,1.36E-01,1.3E-01,1.07E-01,0,2.65E-01,9.46E-02,2.41E+01,6125,1560000,1.86E-01,1.56E-01,3.95E+01,10000,2541000
Johnny_cash/01 - Let There Be Country.mp3.wav,Johnny_cash,1.91E+01,8.25E+00,1.19E-01,7.61E-02,4.97E-04,6.8E-04,1654,175,1.82E-03,9.04E-04,7.38E-02,3.56E-02,5.46E-01,4.15E-02,5.03E+01,2.04E+01,1.7E+02,1.03E+01,145,4E+01,9.41E-03,2.37E-04,-1.17E+02,6.73E+00,2.26E+00,8.23E-01,-1.38E+00,2.17E-02,-8.37E-01,7.57E-01,-9.79E-02,-3.92E-01,-1.17E+00,3.31E-01,-9.67E-01,1.36E+01,3.75E+00,3.72E+00,3.3E+00,2.97E+00,2.43E+00,2.53E+00,2.27E+00,2.13E+00,2.16E+00,1.79E+00,1.98E+00,1.65E+00,-9.37E-01,5.46E-01,-2.83E-01,6.44E-02,9.26E-02,3.22E-02,1.3E-03,2.95E-02,1.09E-01,0,4.51E-02,2.04E-01,2.27E-01,1.75E-01,1.93E-01,1.45E-01,1.36E-01,1.41E-01,1.29E-01,0,2.02E-01,1.22E-01,3.11E+01,7916,2017000,1.1E-01,1.14E-01,2.91E+01,7392,1881000
Johnny_cash/01 - Rollin Free.mp3.wav,Johnny_cash,1.97E+01,1.16E+01,1.35E-01,1.23E-01,1.58E-03,1.89E-03,1689,2.28E+02,3.14E-03,1.43E-03,1.27E-01,5.59E-02,5.24E-01,5.8E-02,5.11E+01,2.47E+01,2.03E+02,1.96E+01,438,9.59E+01,9.44E-03,3.74E-04,-1.05E+02,5.03E+00,5.55E+00,8.03E-01,-6.39E-01,4.11E-01,-1.35E+00,4.89E-01,-4.24E-01,5.51E-01,2.08E-01,-5.98E-01,-1.08E+00,1.29E+01,4.42E+00,3.65E+00,3.61E+00,2.75E+00,2.18E+00,2.3E+00,2.35E+00,2.02E+00,1.96E+00,1.84E+00,1.79E+00,1.52E+00,-9.21E-01,4.46E-01,-4.31E-01,1.25E-01,7.44E-02,6.62E-02,4.54E-02,7.86E-02,9.19E-02,0,7.01E-02,2.1E-01,2.26E-01,2.36E-01,2.19E-01,1.71E-01,1.38E-01,1.34E-01,1.27E-01,0,3.42E-01,1.08E-01,2.76E+01,7026,1790000,1.72E-01,1.34E-01,34,8623,2193000
Johnny_cash/01 - Southwind.mp3.wav,Johnny_cash,2.23E+01,1.64E+01,1.61E-01,1.43E-01,5.97E-04,8.09E-04,1628,1.89E+02,1.95E-03,8.97E-04,7.95E-02,3.23E-02,5.37E-01,4.46E-02,6.13E+01,3.61E+01,1.76E+02,4.88E+01,1.67E+02,2.66E+01,9.43E-03,2.07E-04,-1.17E+02,2.66E+00,3.01E+00,3.31E-01,9.1E-01,2.02E+00,-1.09E+00,-1.84E-01,-5.75E-01,1.01E+00,-1.69E+00,-3.9E-01,-4.32E-01,1.08E+01,4.8E+00,2.81E+00,2.55E+00,2.12E+00,2.66E+00,2.19E+00,2.21E+00,1.96E+00,2.06E+00,2.1E+00,1.67E+00,1.54E+00,-8.9E-01,2.72E-01,-2.6E-01,-5.64E-02,-9.59E-03,6.66E-02,-9.7E-04,-3.96E-02,-2.32E-02,0,1E-01,2.77E-01,2.46E-01,1.78E-01,1.81E-01,1.25E-01,1.45E-01,1.32E-01,1.12E-01,0,2.23E-01,1.95E-01,4.98E+01,12660,3223000,9.65E-02,1.69E-01,4.3E+01,10890,2770000
Johnny_cash/02 - Ballad of Little Fauss and Big Halsy.mp3.wav,Johnny_cash,1.93E+01,1.25E+01,1.37E-01,1.22E-01,1.67E-03,3.15E-03,1599,1.92E+02,2.69E-03,1.69E-03,1.11E-01,6.7E-02,5.68E-01,5.43E-02,5.26E+01,2.58E+01,2.13E+02,1.74E+01,3.45E+02,1.77E+02,9.76E-03,5.82E-04,-1.08E+02,3.82E+00,5.06E+00,1.82E+00,2.61E-01,7.7E-01,3.81E-01,6.63E-02,-1.01E+00,4.59E-01,-4.26E-01,-1.06E+00,-4.77E-01,1.43E+01,4.15E+00,3.06E+00,2.79E+00,2.61E+00,2.12E+00,1.98E+00,1.97E+00,1.78E+00,1.63E+00,1.53E+00,1.39E+00,1.48E+00,-9.15E-01,3.73E-01,-3.78E-01,4.35E-02,1.84E-02,-5.93E-04,1.66E-02,7.41E-02,4.27E-02,0,7.69E-02,1.93E-01,1.91E-01,1.73E-01,1.69E-01,1.33E-01,1.12E-01,9.77E-02,1.03E-01,0,3.23E-01,1.35E-01,3.43E+01,8737,2226000,2.16E-01,1.03E-01,2.61E+01,6640,1690000
Johnny_cash/02 - I Walk the Line (Full Version).mp3.wav,Johnny_cash,1.44E+01,1.09E+01,8.66E-02,9.08E-02,1.26E-03,2.01E-03,1657,227,3.19E-03,1.69E-03,1.27E-01,6.61E-02,5.61E-01,5.98E-02,3.65E+01,2.49E+01,2.07E+02,1.53E+01,4E+02,8.45E+01,9.63E-03,5.5E-04,-1.14E+02,9.61E+00,4.62E+00,5.36E-01,-2.29E+00,-1.11E+00,-1.05E+00,8.45E-01,-6.6E-01,-8.44E-02,-3.1E-01,-1.2E-01,-5.6E-01,1.7E+01,5.71E+00,4.1E+00,3.31E+00,2.78E+00,2.32E+00,2.69E+00,2.13E+00,1.87E+00,1.92E+00,1.76E+00,1.74E+00,1.61E+00,-9.53E-01,4.86E-01,-1.76E-01,1.33E-01,1.28E-01,8.38E-02,1.35E-02,7.85E-02,8E-02,0,6.66E-02,2.96E-01,3.06E-01,2.08E-01,1.6E-01,1.58E-01,1.31E-01,1.31E-01,1.25E-01,0,3E-01,1E-01,2.55E+01,6477,1649000,1.89E-01,1.47E-01,3.75E+01,9503,2417000
Johnny_cash/02 - I Will Rock And Roll With You.mp3.wav,Johnny_cash,3.06E+01,1.15E+01,1.81E-01,9.3E-02,2.14E-03,2.13E-03,1641,1.74E+02,3.64E-03,1.32E-03,1.55E-01,5.19E-02,5.13E-01,6.14E-02,7.38E+01,2.32E+01,1.93E+02,2.48E+01,6.82E+02,2.27E+02,9.25E-03,2.12E-04,-9.44E+01,2.32E+00,-3.47E+00,1.25E+00,8.05E-01,-2.55E-01,-2.76E-02,-5.12E-01,-5.53E-01,-4.92E-01,5.15E-01,-1.17E-01,-4.23E-01,1.01E+01,3.37E+00,4.62E+00,2.39E+00,2.74E+00,2.02E+00,2.03E+00,2.01E+00,1.69E+00,1.8E+00,1.68E+00,1.52E+00,1.4E+00,-8.8E-01,4.32E-01,1.08E-01,-6.31E-03,-2.2E-03,1.21E-02,-5.85E-02,3.41E-02,6.35E-02,0,8.13E-02,2.83E-01,1.9E-01,1.51E-01,1.47E-01,1.57E-01,1.22E-01,1.35E-01,1.11E-01,0,5.13E-01,2.85E-01,7.25E+01,18400,4684000,1.92E-01,2.52E-01,6.41E+01,16180,4106000
Johnny_cash/02 - One Piece At A Time.mp3.wav,Johnny_cash,1.92E+01,1.08E+01,1.22E-01,1.03E-01,3.74E-03,4.43E-03,1619,2.1E+02,4.05E-03,2.06E-03,1.65E-01,7.85E-02,5.2E-01,4.95E-02,4.87E+01,2.38E+01,2.03E+02,8.24E+00,7.46E+02,1.76E+02,9.55E-03,1.9E-04,-9.95E+01,6.73E+00,2.41E+00,6.66E-01,-1.08E+00,2.63E-01,-5.74E-01,9.78E-01,-1.28E+00,-5.75E-02,-6.79E-01,-7.34E-01,-3.98E-01,1.51E+01,4.48E+00,4.37E+00,3.17E+00,2.95E+00,2.49E+00,2.45E+00,2.55E+00,2E+00,1.93E+00,1.79E+00,1.74E+00,1.51E+00,-9.33E-01,4.76E-01,-2.1E-01,-1.53E-02,1.5E-01,3.56E-02,-9.85E-03,3E-02,1.17E-01,0,6.63E-02,3E-01,2.64E-01,1.95E-01,1.84E-01,1.49E-01,1.3E-01,1.38E-01,1.29E-01,0,4.49E-01,2.11E-01,5.36E+01,13610,3465000,2.27E-01,2.4E-01,6.08E+01,15360,3898000
Johnny_cash/02 - Paul Revere.mp3.wav,Johnny_cash,1.88E+01,9.08E+00,1.18E-01,8.47E-02,2.98E-03,3.55E-03,1647,1.84E+02,4.18E-03,1.89E-03,1.69E-01,7.31E-02,5.34E-01,4.85E-02,4.91E+01,2.02E+01,2.13E+02,2.31E+01,7.37E+02,4.9E+01,9.19E-03,1.81E-04,-9.82E+01,5.84E+00,2.99E+00,6.5E-01,-2.97E-01,-3.31E-02,-1.41E+00,3.65E-01,-6.16E-01,3.73E-02,-1.67E-01,-5.69E-01,-2.12E-01,1.31E+01,3.81E+00,3.76E+00,3.44E+00,3.07E+00,2.35E+00,2.16E+00,1.91E+00,1.79E+00,1.88E+00,1.72E+00,1.62E+00,1.53E+00,-9.35E-01,4.6E-01,-2.39E-01,5.45E-02,9.9E-02,3.84E-02,-1.4E-02,4.1E-02,8.69E-02,0,4.55E-02,2.37E-01,2.62E-01,2.37E-01,1.76E-01,1.54E-01,1.44E-01,1.29E-01,1.19E-01,0,4.58E-01,1.62E-01,4.13E+01,10500,2673000,2.17E-01,1.52E-01,3.85E+01,9771,2485000
Johnny_cash/02 - The Devil To Pay.mp3.wav,Johnny_cash,1.73E+01,1.33E+01,1.09E-01,1.26E-01,6.69E-04,8.89E-04,1664,2.03E+02,2.22E-03,1.25E-03,8.91E-02,4.8E-02,5.45E-01,5.94E-02,4.66E+01,2.93E+01,1.64E+02,3.18E+01,2.11E+02,7.33E+01,1.02E-02,1.29E-03,-1.19E+02,5.71E+00,5.11E+00,-3.06E-01,-4.05E-01,-7.66E-01,-1.36E+00,6.65E-01,-4.83E-01,-6.19E-02,-4.85E-01,-3.77E-01,-6.03E-01,1.69E+01,4.43E+00,3.78E+00,3.85E+00,2.76E+00,2.3E+00,2.36E+00,2.14E+00,1.96E+00,1.97E+00,1.76E+00,1.57E+00,1.58E+00,-9.29E-01,3.4E-01,-2.86E-01,7.25E-02,1.22E-01,8.14E-02,3.57E-02,3.9E-02,6.36E-02,0,9.42E-02,2.58E-01,2.46E-01,2.03E-01,1.98E-01,1.68E-01,1.41E-01,1.48E-01,1.33E-01,0,2.29E-01,1.86E-01,4.74E+01,12040,3064000,1.38E-01,2.34E-01,5.94E+01,14980,3799000
Johnny_cash/02 - The Road to Kaintuck.mp3.wav,Johnny_cash,1.44E+01,6.97E+00,8.63E-02,5.57E-02,1.91E-03,2.37E-03,1635,183,3.61E-03,1.83E-03,1.43E-01,6.95E-02,5.6E-01,4.84E-02,3.52E+01,1.64E+01,2.14E+02,1.06E+01,5.27E+02,1.08E+02,9.69E-03,3.95E-04,-1.07E+02,9.15E+00,-1.41E+00,-2.2E+00,-1.48E+00,-1.78E+00,-3.87E-02,4.36E-01,-4.8E-01,-6.59E-01,-2.81E-01,-1.77E-01,-7.74E-01,1.46E+01,3.91E+00,3.32E+00,2.99E+00,2.91E+00,2.44E+00,2.28E+00,1.93E+00,1.89E+00,1.92E+00,1.73E+00,1.75E+00,1.5E+00,-9.64E-01,6.47E-01,-1.57E-01,1.18E-01,7.19E-02,-3.3E-02,-3.33E-02,8.46E-02,5.36E-02,0,3.1E-02,2.17E-01,2.38E-01,1.97E-01,1.46E-01,1.57E-01,1.3E-01,1.38E-01,1.14E-01,0,3.42E-01,6.61E-02,1.68E+01,4286,1092000,1.79E-01,9.64E-02,2.45E+01,6218,1581000
Johnny_cash/02 - Without Love.mp3.wav,Johnny_cash,2.45E+01,1.73E+01,1.81E-01,1.69E-01,1.59E-03,2.19E-03,1638,1.84E+02,2.91E-03,1.21E-03,1.23E-01,4.45E-02,5.65E-01,4.09E-02,6.69E+01,3.61E+01,1.97E+02,4.44E-12,4.08E+02,5.15E+01,9.68E-03,1.41E-04,-1.02E+02,4.25E+00,2.67E+00,-2.82E-01,9.53E-01,3.67E-01,-2.62E-01,1.35E+00,-4.85E-01,-3.91E-01,-3.19E-01,-2.23E-01,-5.92E-01,9.63E+00,3.41E+00,3.13E+00,2.61E+00,2.38E+00,1.95E+00,2.22E+00,2.09E+00,1.91E+00,1.77E+00,1.58E+00,1.4E+00,1.33E+00,-8.8E-01,1.27E-01,-8.64E-02,-1.19E-01,1.28E-01,8.35E-02,-5.25E-02,-1.56E-02,3.29E-02,0,1.29E-01,3.39E-01,2.58E-01,1.62E-01,1.9E-01,1.54E-01,1.42E-01,1.19E-01,1.17E-01,0,3.86E-01,4.03E-01,1.03E+02,25990,6608000,1.45E-01,3.75E-01,9.5E+01,23910,6057000
Johnny_cash/03 - Ballad of Little Fauss and Big Halsy (Instrumental).mp3.wav,Johnny_cash,1.76E+01,1.14E+01,1.25E-01,9.12E-02,5.29E-04,7.46E-04,1717,2.39E+02,2.15E-03,1.03E-03,8.58E-02,3.83E-02,4.98E-01,2.97E-02,4.91E+01,2.52E+01,1.99E+02,4.06E+01,1.99E+02,3.3E+01,9.58E-03,2.51E-04,-1.2E+02,3.27E+00,1.21E+00,3.55E+00,2.59E+00,3.15E+00,1.69E-01,-6.64E-01,-5.96E-01,7.57E-01,-5.51E-02,-6.04E-02,2.29E-01,1.51E+01,4.16E+00,3.89E+00,2.71E+00,2.42E+00,1.87E+00,1.97E+00,1.73E+00,2.14E+00,2.14E+00,1.69E+00,1.85E+00,1.7E+00,-9.32E-01,4.42E-01,-2.3E-01,-6.2E-02,8.9E-04,-3.9E-03,-5.86E-02,-7.11E-03,-2.34E-06,0,5.48E-02,2.82E-01,2.61E-01,1.67E-01,1.31E-01,1.21E-01,1.11E-01,1.14E-01,1.05E-01,0,2.15E-01,1.51E-01,3.84E+01,9755,2484000,1.1E-01,1.6E-01,4.07E+01,10320,2626000
Johnny_cash/03 - Call Daddy From The Mines.mp3.wav,Johnny_cash,1.45E+01,10,8.74E-02,9.51E-02,2.72E-04,4.34E-04,1726,2.31E+02,1.65E-03,9.68E-04,6.51E-02,3.71E-02,5.38E-01,4.17E-02,3.62E+01,24,179,5.04E+01,1.19E+02,2.68E+01,9.43E-03,4.21E-04,-1.29E+02,7.97E+00,2.89E+00,-1.08E-01,-8.94E-01,2.87E-01,-5E-02,1.29E+00,3.38E-01,-6.49E-01,-1.29E+00,2.35E-01,-7.72E-01,1.68E+01,3.79E+00,3.52E+00,3.86E+00,3.15E+00,2.83E+00,2.52E+00,2.19E+00,2.1E+00,2.03E+00,1.94E+00,1.76E+00,1.75E+00,-9.54E-01,5.17E-01,-2.45E-01,1.26E-01,8.37E-02,6.85E-02,1.58E-03,7.72E-02,5.62E-02,0,6.67E-02,2.36E-01,2.34E-01,2E-01,1.68E-01,1.36E-01,1.43E-01,1.36E-01,1.39E-01,0,1.47E-01,7.11E-02,1.81E+01,4611,1175000,8.8E-02,9.45E-02,2.4E+01,6106,1554000
Johnny_cash/03 - Cause I Love You.mp3.wav,Johnny_cash,1.9E+01,1.53E+01,1.25E-01,1.36E-01,4.67E-04,5.58E-04,1624,1.76E+02,1.67E-03,8.6E-04,6.83E-02,3.44E-02,5.41E-01,4.2E-02,5.36E+01,3.37E+01,2.01E+02,1.87E+01,1.33E+02,6.06E+01,9.65E-03,4.51E-04,-1.22E+02,5.61E+00,5.08E+00,7.15E-01,-2.06E-01,-3.52E-01,6.4E-01,-1.04E-01,-1.05E+00,-5.71E-01,-1.4E+00,-7.44E-01,-2.77E-01,1.5E+01,4.38E+00,3.39E+00,2.54E+00,2.94E+00,2.31E+00,2.09E+00,2.03E+00,1.89E+00,1.87E+00,1.7E+00,1.56E+00,1.58E+00,-9.19E-01,3.65E-01,-2.96E-01,7.56E-02,9.4E-02,5.27E-02,-2.39E-02,7.51E-02,5.79E-02,0,1.08E-01,2.71E-01,2.18E-01,1.84E-01,1.61E-01,1.45E-01,1.62E-01,1.13E-01,1.09E-01,0,1.91E-01,1.53E-01,3.9E+01,9919,2525000,1.17E-01,2.02E-01,5.11E+01,12830,3248000
Johnny_cash/03 - Hungry.mp3.wav,Johnny_cash,1.44E+01,1.28E+01,8.59E-02,1.09E-01,1.25E-03,1.99E-03,1698,2.02E+02,2.96E-03,1.79E-03,1.16E-01,6.85E-02,5.7E-01,7.42E-02,3.6E+01,2.93E+01,200,3.65E+01,3.52E+02,8.45E+01,9.72E-03,5.8E-04,-1.17E+02,9.56E+00,5.72E+00,1.67E+00,-3.62E-01,4.35E-01,-1.47E+00,6.5E-01,-2.96E-01,8.37E-02,-7.63E-01,-5.32E-01,-6.3E-01,1.75E+01,4.79E+00,4.03E+00,3.18E+00,3.23E+00,2.94E+00,2.84E+00,2.6E+00,2.01E+00,1.99E+00,1.76E+00,1.54E+00,1.5E+00,-9.52E-01,5.38E-01,-2.55E-01,1.29E-01,1.15E-01,1.01E-01,4.43E-02,7.56E-02,6.82E-02,0,9.28E-02,2.17E-01,2.6E-01,2.05E-01,1.72E-01,1.47E-01,1.36E-01,1.37E-01,1.25E-01,0,2.58E-01,7.14E-02,1.82E+01,4631,1180000,1.72E-01,1.15E-01,2.93E+01,7433,1890000
Johnny_cash/03 - In A Young Girls Mind.mp3.wav,Johnny_cash,1.36E+01,9.31E+00,8.96E-02,8.9E-02,7.08E-04,9.37E-04,1675,1.65E+02,2.48E-03,1.2E-03,9.87E-02,4.67E-02,5.69E-01,5.47E-02,3.82E+01,2.26E+01,1.47E+02,4.63E+01,2.56E+02,5.22E+01,9.38E-03,3.28E-04,-1.17E+02,6.9E+00,4.91E+00,-6.3E-02,-4.86E-01,3.18E-01,-1.04E+00,7.77E-01,-1.32E-01,9.59E-01,-8.91E-01,8.03E-03,-4.47E-01,1.67E+01,4.5E+00,4.09E+00,3.29E+00,2.9E+00,2.57E+00,2.72E+00,2.38E+00,2.16E+00,1.85E+00,1.69E+00,1.9E+00,1.72E+00,-9.53E-01,5.06E-01,-3.69E-01,1.28E-01,1.49E-01,2.33E-03,-2.19E-02,7.41E-02,6.62E-02,0,5.64E-02,1.66E-01,2.81E-01,2.02E-01,1.82E-01,1.53E-01,1.28E-01,1.52E-01,1.33E-01,0,2.41E-01,8.81E-02,2.25E+01,5719,1457000,1.37E-01,8.66E-02,2.2E+01,5595,1424000
Johnny_cash/03 - The Diplomat.mp3.wav,Johnny_cash,1.85E+01,1.06E+01,1.12E-01,1.16E-01,1.75E-03,2.31E-03,1680,181,3.65E-03,1.96E-03,1.47E-01,7.55E-02,5.6E-01,8.1E-02,5.14E+01,2.58E+01,2.1E+02,1.84E+01,5.84E+02,1.11E+02,9.78E-03,3.26E-04,-103,6.89E+00,4.44E+00,1.31E+00,-1.02E+00,-1.76E+00,-8.79E-01,2.46E-01,4.41E-01,-5.19E-01,-6.81E-01,2.57E-02,-5.53E-01,1.39E+01,3.18E+00,3.57E+00,3.56E+00,2.74E+00,2.52E+00,2.62E+00,2.22E+00,2.12E+00,1.88E+00,1.63E+00,1.74E+00,1.58E+00,-9.29E-01,3.24E-01,-1.69E-01,1.27E-02,1.28E-01,6.51E-02,-4.66E-02,6.28E-02,1.29E-01,0,8.24E-02,3.02E-01,2.32E-01,1.56E-01,1.95E-01,1.38E-01,1.62E-01,1.36E-01,1.5E-01,0,3.95E-01,2.57E-01,6.55E+01,16600,4223000,2E-01,3.3E-01,8.36E+01,20940,5297000
Johnny_cash/03 - W-o-m-a-n.mp3.wav,Johnny_cash,2.5E+01,1.25E+01,1.82E-01,1.19E-01,1.13E-03,1.64E-03,1630,1.74E+02,2.32E-03,1.22E-03,9.73E-02,4.68E-02,6.32E-01,5.34E-02,6.88E+01,2.72E+01,1.34E+02,4.81E+00,2.57E+02,6.37E+01,9.93E-03,4E-04,-1.08E+02,2.49E+00,3.12E+00,1.57E+00,-1.77E+00,7.67E-01,8.3E-01,1.35E+00,1.14E-01,1.28E-01,-8.91E-02,-2.23E-01,-8.64E-01,1E+01,2.98E+00,2.97E+00,2.8E+00,2.86E+00,2.07E+00,2.32E+00,2.11E+00,2.04E+00,1.7E+00,1.75E+00,1.72E+00,1.6E+00,-8.86E-01,2.99E-01,-1.79E-01,-1.19E-01,-2.64E-02,2.55E-02,-3.75E-04,2.64E-02,7.67E-02,0,7.96E-02,2.58E-01,2.16E-01,1.44E-01,1.99E-01,1.53E-01,1.28E-01,1.15E-01,1.25E-01,0,3.04E-01,2.33E-01,5.93E+01,15070,3836000,1.41E-01,2.43E-01,6.14E+01,15460,3919000
Johnny_cash/04 - Cowboy Who Started The Fight.mp3.wav,Johnny_cash,1.26E+01,7.76E+00,7.38E-02,7.9E-02,7.48E-04,1.08E-03,1681,1.79E+02,2.47E-03,9.48E-04,9.8E-02,3.52E-02,5.45E-01,3.93E-02,3.58E+01,1.97E+01,1.94E+02,4.08E+01,2.5E+02,3E+01,9.07E-03,1.87E-04,-1.17E+02,8.3E+00,5.65E+00,-6.56E-02,6.44E-01,7.14E-01,4.4E-01,7.63E-01,2.02E-01,8.34E-02,-1.96E-01,1.86E-02,-3.23E-01,1.31E+01,3.6E+00,3.79E+00,3.24E+00,2.85E+00,2.68E+00,2.45E+00,2.12E+00,1.92E+00,1.93E+00,1.82E+00,1.84E+00,1.6E+00,-9.59E-01,3.43E-01,-1.5E-01,6.04E-02,1.64E-01,7.5E-02,-2.81E-03,2.03E-02,7.57E-02,0,4.98E-02,2.51E-01,2.16E-01,1.68E-01,1.82E-01,1.38E-01,1.36E-01,1.37E-01,1.31E-01,0,2.34E-01,2.16E-01,5.5E+01,13980,3558000,1.02E-01,2.38E-01,6.04E+01,15250,3868000
Johnny_cash/04 - Mountain Lady.mp3.wav,Johnny_cash,1.67E+01,8.96E+00,1.11E-01,8.93E-02,1.08E-03,1.46E-03,1676,1.72E+02,2.85E-03,1.36E-03,1.16E-01,5.42E-02,5.61E-01,5.16E-02,4.6E+01,2.08E+01,1.62E+02,3.16E+01,356,8.82E+01,9.59E-03,2.34E-04,-1.09E+02,4.47E+00,4.6E+00,8.09E-01,-6.68E-01,-4.77E-01,-8.2E-01,8.66E-01,-4.62E-02,-4.13E-01,-2.97E-01,-3.65E-01,-6.52E-01,1.5E+01,3.29E+00,4.22E+00,3.06E+00,2.94E+00,2.41E+00,2.63E+00,2.04E+00,1.97E+00,1.97E+00,1.72E+00,1.68E+00,1.63E+00,-9.4E-01,4.78E-01,-4.03E-01,1.27E-01,1.01E-01,-1.63E-02,1.33E-02,7.41E-02,7.66E-02,0,4.54E-02,1.69E-01,1.91E-01,1.85E-01,1.61E-01,1.27E-01,1.18E-01,1.17E-01,1.06E-01,0,3.07E-01,1.02E-01,2.6E+01,6610,1684000,1.66E-01,1.01E-01,2.57E+01,6522,1659000
Johnny_cash/04 - Narration.mp3.wav,Johnny_cash,1.75E+01,1.87E+01,9.81E-02,1.27E-01,1.67E-03,3.17E-03,1566,2.38E+02,2.36E-03,2.29E-03,9.3E-02,8.68E-02,6.27E-01,5.52E-02,4.02E+01,3.81E+01,1.49E+02,6.67E+01,2.41E+02,8.69E+01,1.02E-02,5.68E-04,-1.29E+02,1.22E+01,2.11E+00,-2.32E+00,-1.42E+00,-2.86E+00,-8.82E-01,8.86E-01,1.01E+00,-8.9E-01,-6.1E-01,-1.02E+00,-9.81E-01,2.45E+01,5.64E+00,4.97E+00,4.36E+00,2.91E+00,2.8E+00,2.33E+00,2.32E+00,2.03E+00,2.15E+00,1.81E+00,1.69E+00,1.55E+00,-9.39E-01,6.18E-01,1.87E-02,8.13E-02,1.05E-01,4.32E-02,-4.14E-02,1.07E-01,8.95E-02,0,1.52E-01,2.53E-01,2.48E-01,2.32E-01,1.79E-01,1.66E-01,1.52E-01,1.4E-01,1.23E-01,0,2.1E-01,1.17E-01,2.97E+01,7553,1922000,1.88E-01,2.14E-01,5.42E+01,13660,3463000
Johnny_cash/04 - No Expectations.mp3.wav,Johnny_cash,2.23E+01,1.2E+01,1.43E-01,1.19E-01,1.65E-03,2E-03,1667,1.84E+02,3.36E-03,1.4E-03,1.38E-01,5.13E-02,5.48E-01,5.05E-02,60,2.61E+01,2.12E+02,2.44E+01,5.05E+02,5.68E+01,9.23E-03,1.61E-04,-9.95E+01,4.87E+00,1.03E+00,8.42E-01,-1.24E+00,-7.79E-01,3.31E-01,5.57E-01,-1.99E-01,4.37E-02,5.09E-01,4.34E-01,-7.11E-01,9E+00,2.97E+00,3.33E+00,2.65E+00,2.43E+00,2.25E+00,2.21E+00,2.24E+00,1.97E+00,1.73E+00,1.58E+00,1.49E+00,1.41E+00,-9.07E-01,2.26E-01,-1.26E-02,1.82E-02,-3.88E-02,5.91E-02,-1.71E-02,4.35E-03,7.82E-02,0,8.28E-02,2.72E-01,2.28E-01,1.57E-01,1.51E-01,1.47E-01,1.28E-01,1.43E-01,1.1E-01,0,4.14E-01,2.91E-01,7.41E+01,18800,4782000,1.47E-01,3.14E-01,7.95E+01,20010,5072000
Johnny_cash/04 - See Ruby Fall.mp3.wav,Johnny_cash,1.76E+01,9.84E+00,1.15E-01,9.39E-02,1.01E-03,1.12E-03,1688,1.7E+02,3E-03,1.19E-03,1.21E-01,4.48E-02,5.24E-01,4.86E-02,4.75E+01,2.31E+01,2.03E+02,3.79E+01,386,5.22E+01,9.17E-03,1.41E-04,-1.06E+02,5.14E+00,2.78E+00,-1.77E+00,-1.12E+00,2.57E-01,-5.78E-02,1.01E-01,-5.13E-01,4.37E-01,1.82E-01,-2.62E-01,2.97E-02,9.94E+00,3.81E+00,3.32E+00,3.24E+00,2.51E+00,2.21E+00,2.22E+00,2.17E+00,2.1E+00,2.01E+00,1.88E+00,1.72E+00,1.56E+00,-9.37E-01,4.74E-01,-3.48E-01,1.71E-01,1.22E-01,-3.87E-03,-3.77E-03,6.72E-02,6.41E-02,0,5.64E-02,1.74E-01,2.3E-01,2.07E-01,1.89E-01,1.64E-01,1.32E-01,1.5E-01,1.28E-01,0,3.15E-01,1.12E-01,2.85E+01,7266,1851000,1.17E-01,1.14E-01,2.9E+01,7365,1873000
Johnny_cash/04 - The Frozen Four Hundred Pound Fair To Middlin Cotton Picker.mp3.wav,Johnny_cash,1.97E+01,1.58E+01,1.27E-01,1.2E-01,5.09E-04,7.24E-04,1668,2.04E+02,1.98E-03,1.05E-03,7.95E-02,4.02E-02,5.63E-01,4.7E-02,4.87E+01,3.23E+01,1.98E+02,3.61E+01,1.64E+02,2.4E+01,9.4E-03,2.87E-04,-116,6.83E+00,-9.91E-02,-3.5E-01,1.25E-01,-1.18E+00,3.84E-01,7.57E-01,-7.36E-01,2.14E-02,2.94E-01,-8.39E-02,-2.36E-01,1.24E+01,3.86E+00,3.11E+00,3.71E+00,2.67E+00,2.33E+00,2.32E+00,2.01E+00,1.88E+00,1.83E+00,1.68E+00,1.68E+00,1.51E+00,-9.3E-01,5.92E-01,-2.5E-01,1.04E-01,7.88E-02,-2.75E-02,-5.46E-02,4.76E-02,8.1E-02,0,1.25E-01,2.24E-01,2.19E-01,2.45E-01,1.88E-01,1.69E-01,1.25E-01,1.32E-01,1.17E-01,0,2.05E-01,1.07E-01,2.73E+01,6933,1765000,1.02E-01,1.81E-01,4.59E+01,11560,2930000
Johnny_cash/04 - The Road to Kaintuck.mp3.wav,Johnny_cash,1.79E+01,1.26E+01,1.12E-01,1.05E-01,3.53E-03,5.41E-03,1710,2.34E+02,4.41E-03,2.9E-03,1.77E-01,1.14E-01,5.57E-01,7.57E-02,4.09E+01,2.55E+01,2.04E+02,1.99E+01,9.14E+02,1.27E+02,9.93E-03,5.68E-04,-1.03E+02,8.41E+00,1.6E+00,9.97E-01,1.42E-01,-7.07E-01,-1.57E+00,7.34E-01,2.42E-01,6.92E-01,-1.29E+00,-6.66E-01,-6.89E-01,2.21E+01,4.88E+00,3.41E+00,3.81E+00,3.08E+00,2.35E+00,3E+00,2.49E+00,2.1E+00,2.17E+00,1.85E+00,1.69E+00,1.6E+00,-9.41E-01,6.04E-01,-2.72E-01,1.35E-01,1.07E-01,8.07E-03,-2.16E-02,4.93E-02,6.13E-02,0,8.8E-02,1.9E-01,2.54E-01,2.23E-01,1.88E-01,1.62E-01,1.48E-01,1.29E-01,1.24E-01,0,4.47E-01,7.69E-02,1.96E+01,4990,1271000,3.18E-01,9.47E-02,2.41E+01,6120,1557000
Johnny_cash/04 - This Town.mp3.wav,Johnny_cash,1.85E+01,1.33E+01,1.34E-01,1.22E-01,1.41E-03,2.35E-03,1688,2.01E+02,3.16E-03,1.56E-03,1.27E-01,6.1E-02,5.3E-01,6.37E-02,4.91E+01,2.8E+01,201,1.44E+01,4.24E+02,170,9.61E-03,3.15E-04,-1.09E+02,4.71E+00,4.89E+00,1.73E+00,-7.36E-01,1.21E+00,-5.48E-01,1.89E+00,-1.69E+00,7.72E-02,2.83E-01,-6.25E-01,9.73E-02,1.5E+01,4.84E+00,3.78E+00,2.91E+00,2.7E+00,2.46E+00,2.26E+00,2.03E+00,2.21E+00,1.97E+00,1.72E+00,1.69E+00,1.74E+00,-9.25E-01,5.2E-01,-4.61E-01,6.35E-02,7.07E-02,1.87E-02,3.13E-02,6.17E-02,2.62E-02,0,7.37E-02,1.7E-01,2.63E-01,2.81E-01,1.91E-01,1.68E-01,1.32E-01,1.31E-01,1.19E-01,0,3.21E-01,7.75E-02,1.98E+01,5029,1282000,1.89E-01,8.1E-02,2.06E+01,5244,1335000
Johnny_cash/05 - Cisco Cliftons Fillin Station.mp3.wav,Johnny_cash,1.86E+01,1.61E+01,1.17E-01,1.33E-01,8.94E-04,1.37E-03,1673,2.13E+02,2.2E-03,1.36E-03,8.84E-02,5.19E-02,5.74E-01,5.96E-02,4.73E+01,3.45E+01,1.91E+02,3.1E+01,2.13E+02,5.2E+01,9.69E-03,6.19E-04,-118,6.68E+00,2.15E+00,-8.84E-01,-2.1E+00,-1.92E+00,-1.82E-01,9.36E-01,6.87E-01,-4.36E-01,-1.96E-01,-4.45E-01,-4.7E-02,1.6E+01,3.92E+00,3.78E+00,3.25E+00,2.69E+00,2.61E+00,2.62E+00,2.17E+00,2.23E+00,2.09E+00,1.84E+00,1.82E+00,1.62E+00,-9.27E-01,4.83E-01,-2.37E-01,7.52E-02,7.83E-02,2.5E-02,3.15E-02,1.14E-01,7.55E-02,0,1.25E-01,2.99E-01,2.26E-01,2.4E-01,1.73E-01,1.5E-01,1.29E-01,1.34E-01,1.13E-01,0,2.23E-01,1.36E-01,3.46E+01,8796,2239000,1.33E-01,2.2E-01,5.57E+01,14040,3559000
Johnny_cash/05 - It Comes And Goes.mp3.wav,Johnny_cash,2.41E+01,1.02E+01,1.51E-01,1.05E-01,2.24E-03,2.77E-03,1697,1.74E+02,4.05E-03,2.06E-03,1.67E-01,7.83E-02,5.54E-01,6.72E-02,6.29E+01,2.5E+01,1.87E+02,2.81E+01,768,2.27E+02,9.29E-03,2.57E-04,-9.53E+01,6.21E+00,-8.06E-01,-6.85E-01,-1.31E+00,-2.78E-01,-2.08E-01,-1.75E-02,2.17E-01,-2.73E-01,2.63E-01,-6.5E-01,-5.01E-01,1.05E+01,3.34E+00,3.12E+00,3.11E+00,2.4E+00,2.23E+00,2.32E+00,2.21E+00,1.88E+00,1.88E+00,1.7E+00,1.81E+00,1.46E+00,-9.08E-01,3.75E-01,-4.11E-02,9.14E-02,3.33E-02,2.61E-02,1.57E-02,3.36E-03,7.05E-02,0,6.95E-02,3.21E-01,1.87E-01,1.66E-01,1.77E-01,1.37E-01,1.24E-01,1.24E-01,1.34E-01,0,4.93E-01,2.39E-01,6.07E+01,15420,3923000,2.14E-01,2.64E-01,6.7E+01,16920,4292000
Johnny_cash/05 - Little Man.mp3.wav,Johnny_cash,1.84E+01,1.17E+01,1.21E-01,1.08E-01,1.3E-03,1.7E-03,1672,1.99E+02,3.07E-03,1.6E-03,1.23E-01,6.28E-02,5.15E-01,6.05E-02,4.56E+01,2.5E+01,2.21E+02,7.45E-01,3.99E+02,8.32E+01,9.75E-03,3.46E-04,-1.09E+02,6.56E+00,5.07E+00,4.45E-01,-8.16E-01,3.14E-01,-1.39E+00,1.02E+00,-8.76E-01,7.98E-01,-2.79E-01,-1.88E-01,-3.67E-01,1.61E+01,4.65E+00,3.66E+00,4.03E+00,3.18E+00,2.18E+00,2.62E+00,2.41E+00,2.18E+00,2.15E+00,1.83E+00,1.75E+00,1.67E+00,-9.33E-01,5.57E-01,-4.45E-01,1.88E-01,1.39E-01,2.19E-02,4.62E-02,5.85E-02,6.48E-02,0,7.32E-02,1.68E-01,2.43E-01,2.5E-01,1.96E-01,1.42E-01,1.29E-01,1.32E-01,1.29E-01,0,3.17E-01,8.13E-02,2.07E+01,5274,1344000,1.88E-01,1.1E-01,2.81E+01,7108,1806000
Johnny_cash/05 - Michigan City Howdy Do.mp3.wav,Johnny_cash,2.45E+01,1.39E+01,1.76E-01,1.16E-01,1.58E-03,3.08E-03,1625,1.55E+02,2.58E-03,1.41E-03,1.08E-01,5.37E-02,5.71E-01,4.29E-02,6.39E+01,3.06E+01,2E+02,2.17E+01,3.28E+02,1.09E+02,9.67E-03,4.06E-04,-1.05E+02,2.66E+00,1.53E+00,1.11E+00,-8.47E-01,-6.87E-02,3.27E-01,1.97E-01,-6.58E-01,6.44E-01,2.93E-02,-9.75E-01,-6.65E-01,1.26E+01,4.03E+00,3.44E+00,2.98E+00,2.86E+00,2.74E+00,2.29E+00,1.97E+00,1.78E+00,1.68E+00,1.59E+00,1.61E+00,1.53E+00,-8.99E-01,5.27E-01,-3.84E-01,7.97E-02,4.48E-02,-5.13E-02,4.82E-04,5.67E-02,3.86E-02,0,8.68E-02,1.71E-01,1.96E-01,1.75E-01,1.71E-01,1.38E-01,1.2E-01,1.14E-01,1.22E-01,0,3.21E-01,1.38E-01,3.51E+01,8934,2275000,1.54E-01,1.6E-01,4.07E+01,10310,2618000
Johnny_cash/05 - The 20th Century Is Almost Over.mp3.wav,Johnny_cash,2.74E+01,2.35E+01,2.22E-01,2.11E-01,8.61E-04,1.73E-03,1657,1.84E+02,2.11E-03,1.04E-03,8.88E-02,3.87E-02,5.8E-01,5.77E-02,7.56E+01,4.84E+01,1.4E+02,2.17E+01,2.04E+02,3.69E+01,9.62E-03,3.51E-04,-1.14E+02,3.07E+00,6.45E+00,-2.75E-01,1.52E+00,-4.53E-01,-6.48E-01,6.95E-01,-3.38E-01,3.97E-01,-5.14E-01,-8.57E-01,-6.21E-01,1.32E+01,3.82E+00,3.65E+00,3.24E+00,2.62E+00,2.05E+00,1.83E+00,2.04E+00,1.81E+00,1.87E+00,1.64E+00,1.55E+00,1.54E+00,-8.43E-01,1.37E-01,-3.08E-01,-9.62E-02,4.08E-02,1.22E-01,-1.62E-02,6.61E-03,4.78E-02,0,1.92E-01,2.38E-01,2.26E-01,1.78E-01,2.15E-01,1.63E-01,1.33E-01,1.25E-01,1.28E-01,0,2.76E-01,3.32E-01,8.46E+01,21450,5456000,1.26E-01,3.25E-01,8.24E+01,20750,5257000
Johnny_cash/05 - The Ballad of Boot Hill.mp3.wav,Johnny_cash,1.62E+01,7.92E+00,9.26E-02,7.87E-02,2.07E-03,2.16E-03,1587,1.96E+02,4.12E-03,1.8E-03,1.65E-01,6.78E-02,5.54E-01,5.23E-02,4.06E+01,1.93E+01,1.67E+02,4.05E+01,7.13E+02,8.96E+01,9.18E-03,1.79E-04,-1.02E+02,8.5E+00,3.92E+00,-1.47E-01,-1.6E+00,-2.29E+00,-2.84E+00,-1.45E-01,5.7E-01,-2.93E-01,-3.26E-01,-3.57E-01,-1.15E+00,1.26E+01,4.6E+00,3.41E+00,2.93E+00,2.61E+00,2.35E+00,2.41E+00,2.04E+00,1.83E+00,1.9E+00,1.7E+00,1.79E+00,1.56E+00,-9.52E-01,5.42E-01,-2.03E-01,1.89E-01,1.12E-01,5.85E-02,3.28E-02,6.95E-02,8.55E-02,0,5.02E-02,2.36E-01,2.36E-01,1.67E-01,1.43E-01,1.25E-01,1.35E-01,1.11E-01,1.02E-01,0,4.09E-01,9.45E-02,2.41E+01,6131,1562000,1.84E-01,1.12E-01,2.86E+01,7248,1844000
Johnny_cash/05 - This Side of the Law.mp3.wav,Johnny_cash,1.93E+01,1.56E+01,1.41E-01,1.49E-01,1.67E-03,1.74E-03,1649,1.93E+02,3.62E-03,1.33E-03,1.46E-01,5.07E-02,4.77E-01,4.12E-02,5E+01,3.23E+01,2.19E+02,7.5E+00,5.7E+02,6.97E+01,9.28E-03,2.6E-04,-105,4.62E+00,5.99E+00,8.73E-01,2.11E-01,2.57E-03,-5.3E-01,1.52E+00,-8.17E-01,-6.26E-02,-7.71E-01,-1.91E-02,-7.55E-01,1.38E+01,4.56E+00,3.32E+00,3.86E+00,2.79E+00,2.27E+00,2.68E+00,2.25E+00,1.99E+00,1.91E+00,1.84E+00,1.65E+00,1.55E+00,-9.14E-01,3.82E-01,-4.03E-01,1.14E-01,1.34E-01,2.14E-02,-3.68E-03,7.49E-02,7.39E-02,0,9.64E-02,2.16E-01,2.86E-01,2.11E-01,1.7E-01,1.52E-01,1.31E-01,1.22E-01,1.14E-01,0,3.87E-01,1.3E-01,3.3E+01,8401,2140000,1.82E-01,1.24E-01,3.16E+01,8017,2040000
Johnny_cash/05 - To the Shining Mountains.mp3.wav,Johnny_cash,1.93E+01,1.56E+01,1.18E-01,1.16E-01,1.56E-03,2.42E-03,1615,255,2.31E-03,2E-03,9.26E-02,7.7E-02,5.92E-01,4.31E-02,4.49E+01,3.22E+01,2.04E+02,4.07E+01,2.15E+02,8.34E+01,1.02E-02,5.98E-04,-1.21E+02,8.73E+00,1.63E+00,-4.79E-01,-4.58E-01,-1.25E+00,-1.64E+00,8.67E-01,9.84E-02,4.67E-01,-8.75E-01,-1.1E+00,-9.46E-01,2.34E+01,5E+00,4.47E+00,3.99E+00,3.15E+00,2.88E+00,2.93E+00,2.58E+00,2.17E+00,2.34E+00,1.92E+00,1.82E+00,1.68E+00,-9.31E-01,6.09E-01,-2.44E-01,1.04E-01,1.13E-01,-1.14E-02,-3.81E-02,7.37E-02,8.56E-02,0,1.25E-01,2.37E-01,2.49E-01,2.58E-01,2.07E-01,1.69E-01,1.65E-01,1.62E-01,1.51E-01,0,2.32E-01,8.11E-02,2.07E+01,5260,1340000,1.95E-01,9.45E-02,2.4E+01,6099,1552000
Johnny_cash/06 - Flesh and Blood (Instrumental).mp3.wav,Johnny_cash,2.96E+01,1.09E+01,2.21E-01,7.33E-02,3.8E-04,2.4E-04,1748,1.43E+02,2.09E-03,6.05E-04,8.73E-02,2.41E-02,5.03E-01,4.91E-02,7.6E+01,2.3E+01,2.21E+02,3.24E-12,2.05E+02,4.75E+01,9.31E-03,3.44E-04,-1.06E+02,8.35E-01,3.83E-01,1.33E+00,-2.04E+00,-8.78E-01,-1.35E+00,-1.23E+00,-1.31E+00,-8.09E-03,-1.11E+00,-1.47E+00,-1.06E+00,1.07E+01,3.55E+00,2.31E+00,2.66E+00,2.17E+00,2.16E+00,2.27E+00,2.27E+00,1.91E+00,2.02E+00,1.97E+00,2.07E+00,1.81E+00,-8.8E-01,6.37E-01,-5.01E-01,1.93E-01,-7.65E-02,-2.18E-02,-2.29E-02,6.93E-02,2.58E-02,0,6.35E-02,8.95E-02,1.34E-01,1.21E-01,1.1E-01,9.42E-02,9.75E-02,7.97E-02,9.29E-02,0,2.78E-01,7.27E-02,1.85E+01,4717,1202000,7.93E-02,8.07E-02,2.06E+01,5224,1330000
Johnny_cash/06 - I Ride An Old Paint.mp3.wav,Johnny_cash,1.92E+01,1.23E+01,1.13E-01,8.72E-02,1.39E-03,2.1E-03,1729,1.83E+02,3.55E-03,1.99E-03,1.4E-01,7.57E-02,5.26E-01,6.26E-02,4.68E+01,2.81E+01,2.17E+02,1.99E+01,5.32E+02,1.82E+02,9.54E-03,4.09E-04,-1.09E+02,7.51E+00,-3.64E-01,-6.3E-01,-5.76E-01,-3.74E-01,-5.13E-01,4.16E-01,1.28E-01,-1.25E+00,-7.27E-01,4.29E-01,-5.02E-01,1.42E+01,5.83E+00,3.33E+00,3.16E+00,3.02E+00,2.81E+00,2.53E+00,2.31E+00,2.22E+00,2.71E+00,2.22E+00,2.27E+00,1.85E+00,-9.4E-01,6.42E-01,-1.88E-01,1.28E-01,3.37E-02,3.21E-02,-1.83E-02,6.75E-02,4.38E-02,0,6.57E-02,2.03E-01,2.45E-01,1.71E-01,1.48E-01,1.44E-01,1.35E-01,1.21E-01,1.13E-01,0,3.16E-01,6.09E-02,1.55E+01,3950,1007000,1.71E-01,7.66E-02,1.95E+01,4960,1263000
Johnny_cash/06 - Itll Be Her.mp3.wav,Johnny_cash,2.37E+01,1.29E+01,1.64E-01,1.29E-01,1.12E-03,1.57E-03,1679,1.8E+02,2.84E-03,1.68E-03,1.19E-01,6.73E-02,5.61E-01,6.4E-02,6.36E+01,2.89E+01,2.16E+02,1.83E+01,386,1.83E+02,9.82E-03,4.97E-04,-1.03E+02,6E+00,5.78E-01,2.71E-02,3.99E-01,-1.11E+00,-9.48E-01,-1.27E+00,6.1E-01,-3.6E-01,1.23E-01,-4.87E-01,-5.92E-01,1.36E+01,3.58E+00,3.11E+00,3.1E+00,2.98E+00,2.4E+00,2.15E+00,2.43E+00,1.83E+00,1.84E+00,1.74E+00,1.55E+00,1.47E+00,-8.97E-01,3.29E-01,-2.12E-01,1.13E-01,8.89E-02,-6.62E-04,-6.72E-02,1.56E-02,6.76E-02,0,1.06E-01,3.26E-01,2E-01,2.01E-01,1.86E-01,1.58E-01,1.32E-01,1.32E-01,1.43E-01,0,3.67E-01,2.36E-01,6E+01,15230,3876000,2.07E-01,2.67E-01,6.78E+01,17080,4329000
Johnny_cash/06 - Little Man (Instrumental).mp3.wav,Johnny_cash,1.27E+01,8.05E+00,8.85E-02,7.89E-02,2.97E-04,5.49E-04,1809,2.28E+02,1.62E-03,7.71E-04,6.41E-02,2.78E-02,5.51E-01,3.8E-02,3.93E+01,2.04E+01,1.32E+02,1.54E+01,1.09E+02,1.41E+01,9.46E-03,2.49E-04,-1.27E+02,5.64E+00,2.23E+00,2.85E+00,1.31E+00,2.81E+00,-2.72E-01,-4.17E-01,-4.42E-01,8.55E-02,4.03E-01,6.79E-01,2.11E-01,1.07E+01,3.87E+00,3.58E+00,2.41E+00,2.41E+00,2.19E+00,1.94E+00,1.86E+00,2E+00,2.09E+00,1.81E+00,1.58E+00,1.53E+00,-9.57E-01,4.7E-01,-2.92E-01,-2.48E-02,2.88E-02,2.13E-02,9.91E-03,3.06E-02,1.21E-02,0,3.7E-02,2.19E-01,2.38E-01,1.68E-01,1.32E-01,1.15E-01,1.23E-01,1.13E-01,9.83E-02,0,1.46E-01,9.97E-02,2.54E+01,6461,1646000,6.29E-02,1.29E-01,3.29E+01,8346,2123000
Johnny_cash/06 - Rockabilly Blues (Texas 1955).mp3.wav,Johnny_cash,3.01E+01,1.6E+01,2.33E-01,1.62E-01,1.29E-03,1.29E-03,1622,1.94E+02,2.67E-03,9.61E-04,1.14E-01,3.61E-02,5.78E-01,4.85E-02,8.31E+01,3.32E+01,1.66E+02,2.23E+01,3.47E+02,2.95E+01,9.23E-03,1.03E-04,-1.04E+02,1.25E+00,4.34E+00,2E+00,2.26E+00,1.59E+00,-6.07E-01,9.47E-01,-2.41E-01,2.43E-01,-4.34E-01,-7.59E-02,-1.32E+00,8.63E+00,3.1E+00,3.13E+00,2.73E+00,2.58E+00,2.16E+00,2.15E+00,1.92E+00,1.74E+00,1.63E+00,1.79E+00,1.67E+00,1.73E+00,-8.32E-01,7.68E-02,-1.91E-01,-1.03E-01,-7.91E-02,7.54E-02,2E-02,-5.36E-02,-2.54E-02,0,1.07E-01,2.85E-01,2.35E-01,2.01E-01,1.91E-01,1.57E-01,1.29E-01,1.23E-01,1.4E-01,0,3.83E-01,3.48E-01,8.85E+01,22450,5710000,1.36E-01,3.08E-01,7.82E+01,19720,5002000
Johnny_cash/06 - Sing A Traveling Song.mp3.wav,Johnny_cash,1.38E+01,1.24E+01,8.13E-02,1.03E-01,9.39E-04,1.28E-03,1724,192,3.09E-03,1.51E-03,1.21E-01,5.6E-02,5.05E-01,8.83E-02,3.61E+01,2.86E+01,2.03E+02,8.05E+00,3.7E+02,7.04E+01,1E-02,4.76E-04,-1.19E+02,8.72E+00,5.46E+00,1.74E-01,-5.78E-01,-5.68E-01,1.17E-01,1.52E+00,-8.25E-01,-2.25E-02,-3.88E-01,-5.26E-01,-1.15E-02,1.61E+01,4.52E+00,3.84E+00,3.78E+00,2.79E+00,2.56E+00,3.05E+00,2.53E+00,2.05E+00,2.36E+00,2.09E+00,2.08E+00,1.9E+00,-9.53E-01,4.7E-01,-1.93E-01,1.87E-01,1.49E-01,4.5E-02,1.24E-02,5.76E-02,3.39E-02,0,8.6E-02,2.22E-01,3.05E-01,2.23E-01,1.83E-01,1.45E-01,1.4E-01,1.32E-01,1.2E-01,0,2.52E-01,9.54E-02,2.43E+01,6187,1576000,1.32E-01,1.26E-01,3.19E+01,8068,2049000
Johnny_cash/06 - Sold Out of Flagpoles.mp3.wav,Johnny_cash,2.09E+01,9.85E+00,1.5E-01,9.72E-02,1.69E-03,1.65E-03,1592,1.45E+02,3.28E-03,1.3E-03,1.35E-01,4.93E-02,5.25E-01,2.6E-02,5.73E+01,2.24E+01,1.98E+02,2.85E+00,4.77E+02,4.26E+01,9.48E-03,1.29E-04,-9.92E+01,3.05E+00,3.1E+00,7.92E-01,7.46E-02,-1.06E+00,-1.2E+00,1.28E+00,1.36E-01,2.39E-01,-2.33E-01,-5.26E-01,-7.52E-01,9.85E+00,3.21E+00,3.62E+00,3.06E+00,2.83E+00,2.69E+00,2.14E+00,1.99E+00,1.83E+00,1.92E+00,1.55E+00,1.62E+00,1.45E+00,-9.2E-01,5.15E-01,-4.31E-01,1.45E-01,5.72E-02,-6.31E-02,-3.53E-02,7.66E-03,1.91E-02,0,5.52E-02,1.45E-01,1.95E-01,1.93E-01,1.65E-01,1.32E-01,1.31E-01,1.3E-01,1.16E-01,0,3.97E-01,1.09E-01,2.77E+01,7048,1796000,1.53E-01,1.03E-01,2.62E+01,6640,1689000
Johnny_cash/06 - The Battle of New Orleans.mp3.wav,Johnny_cash,1.88E+01,1.26E+01,1.23E-01,1.18E-01,2.47E-03,3.09E-03,1669,2.55E+02,3.61E-03,1.99E-03,1.46E-01,7.72E-02,5.43E-01,5.56E-02,4.41E+01,2.71E+01,1.69E+02,1.82E+01,5.82E+02,154,9.63E-03,3.04E-04,-1.03E+02,8.08E+00,1.32E+00,1.32E+00,-5.52E-01,-1.28E+00,-1.09E+00,9.47E-01,5.77E-01,5.82E-01,-1.64E+00,-8.69E-01,-9.23E-01,1.56E+01,4.61E+00,3.7E+00,3.22E+00,3.06E+00,2.6E+00,2.7E+00,2.48E+00,2.03E+00,2.11E+00,1.87E+00,1.87E+00,1.67E+00,-9.37E-01,6.09E-01,-2.86E-01,1.1E-01,1.15E-01,-2.19E-02,-3.89E-02,7.48E-02,7.59E-02,0,9.49E-02,2.47E-01,2.45E-01,2.38E-01,1.73E-01,1.69E-01,1.48E-01,1.43E-01,1.42E-01,0,3.75E-01,9.49E-02,2.42E+01,6137,1562000,2.17E-01,1.78E-01,4.51E+01,11390,2891000
Johnny_cash/06 - The Masterpiece.mp3.wav,Johnny_cash,1.58E+01,1.57E+01,8.95E-02,1.11E-01,4.25E-04,7.69E-04,1641,2.34E+02,1.37E-03,1.09E-03,5.37E-02,4.2E-02,6E-01,5.34E-02,3.73E+01,3.29E+01,1.93E+02,4.44E+01,7.74E+01,1.46E+01,9.98E-03,7.42E-04,-1.39E+02,1.13E+01,4.23E+00,9.17E-02,-2.04E-01,-1.64E+00,-3.06E-01,6.57E-01,1.67E-01,-9.98E-01,-1.09E+00,-8.54E-01,-7.22E-01,2.47E+01,5.49E+00,5.06E+00,4.01E+00,3.33E+00,2.67E+00,2.4E+00,2.44E+00,2.05E+00,2.27E+00,1.91E+00,1.93E+00,1.88E+00,-9.46E-01,5.96E-01,-1.35E-01,1.33E-01,9.97E-02,1.03E-02,2.75E-02,1.2E-01,6.8E-02,0,1.21E-01,2.39E-01,2.95E-01,2.61E-01,1.81E-01,1.65E-01,1.36E-01,1.41E-01,1.14E-01,0,1.21E-01,8.86E-02,2.26E+01,5739,1462000,1.03E-01,1.48E-01,3.76E+01,9522,2419000
Johnny_cash/07 - Cause I Love You.mp3.wav,Johnny_cash,1.57E+01,1.59E+01,9.14E-02,1.08E-01,9.13E-04,1.22E-03,1706,1.93E+02,2.71E-03,1.56E-03,1.06E-01,5.98E-02,5.11E-01,7.79E-02,3.75E+01,3.26E+01,2.01E+02,2.49E+01,2.96E+02,7.34E+01,9.81E-03,8.34E-04,-119,9.36E+00,3.97E+00,2.66E+00,-2.99E-01,-5.31E-02,-1.13E+00,7.98E-01,-4.28E-01,-4.06E-01,-5.01E-02,-2.39E-01,-5.82E-01,1.87E+01,4.71E+00,4.52E+00,3.69E+00,2.99E+00,2.74E+00,2.85E+00,2.34E+00,1.97E+00,2.13E+00,1.81E+00,1.82E+00,1.66E+00,-9.48E-01,5.91E-01,-1.94E-01,9.78E-02,4.87E-02,1.22E-01,1.56E-02,8.13E-02,6.98E-02,0,1.17E-01,2.01E-01,2.55E-01,1.86E-01,1.67E-01,1.3E-01,1.48E-01,1.29E-01,1.11E-01,0,2.32E-01,6.44E-02,1.64E+01,4178,1064000,1.49E-01,9.67E-02,2.46E+01,6228,1583000
Johnny_cash/07 - Committed To Parkview.mp3.wav,Johnny_cash,1.6E+01,6.77E+00,9.27E-02,6.75E-02,5.92E-04,5.76E-04,1640,1.63E+02,2.47E-03,9.3E-04,9.85E-02,3.56E-02,5.05E-01,3.16E-02,4.02E+01,1.72E+01,203,2.58E+01,2.6E+02,4.19E+01,9.1E-03,1.58E-04,-1.12E+02,9.07E+00,2.79E+00,-1.71E-01,-2.11E+00,-3.5E-01,-2.04E+00,1.41E+00,-5.52E-01,8.41E-01,-2.4E-01,5.8E-02,-9.94E-01,1.22E+01,4.03E+00,3.46E+00,2.76E+00,2.68E+00,2.74E+00,2.42E+00,2.29E+00,2.06E+00,1.92E+00,1.78E+00,1.7E+00,1.65E+00,-9.56E-01,6.05E-01,-2.35E-01,8.19E-02,2.03E-01,1E-01,-3.09E-02,3.09E-02,9.28E-02,0,3.79E-02,1.92E-01,2.65E-01,1.5E-01,1.46E-01,1.28E-01,1.27E-01,1.24E-01,1.21E-01,0,2.45E-01,1.03E-01,2.64E+01,6706,1708000,9.85E-02,1.18E-01,2.99E+01,7551,1918000
Johnny_cash/07 - If I Were A Carpenter.mp3.wav,Johnny_cash,1.25E+01,9.01E+00,7.61E-02,7.98E-02,5.95E-04,8.18E-04,1684,1.93E+02,2.26E-03,1.19E-03,8.92E-02,4.37E-02,5.94E-01,6.01E-02,3.61E+01,2.26E+01,1.78E+02,2.5E+00,208,3.83E+01,9.84E-03,2.64E-04,-1.2E+02,8.07E+00,3.69E+00,9.31E-01,6.94E-01,3.86E-01,-5.36E-01,4.07E-01,-5.52E-01,2.56E-01,-2.08E-01,-4.85E-01,-6.15E-02,1.16E+01,4.68E+00,3.13E+00,2.57E+00,2.63E+00,2.35E+00,2.19E+00,2.22E+00,1.88E+00,1.76E+00,1.65E+00,1.63E+00,1.49E+00,-9.58E-01,4.42E-01,-2.8E-01,1.44E-01,6.66E-02,6.81E-02,-2.63E-02,6.72E-02,3.97E-02,0,5.1E-02,2.15E-01,2.59E-01,1.81E-01,1.7E-01,1.6E-01,1.38E-01,1.28E-01,1.19E-01,0,1.97E-01,6.11E-02,1.56E+01,3967,1011000,8.83E-02,7.24E-02,1.84E+01,4684,1192000
Johnny_cash/07 - Narration.mp3.wav,Johnny_cash,1.65E+01,1.23E+01,9.53E-02,1.13E-01,1.4E-03,2.79E-03,1391,4.19E+02,2.18E-03,1.7E-03,8.59E-02,6.31E-02,3.29E+01,1.81E+01,-1.31E+02,1.3E+01,2.96E+00,-3.68E+00,-3.47E+00,-2.57E+00,-2.23E+00,-8.91E-01,2.25E+00,-8.67E-01,-6.35E-01,-1.58E+00,-1.08E+00,3.33E+01,6.71E+00,3.66E+00,3.48E+00,3.47E+00,2.34E+00,2.31E+00,3.37E+00,1.92E+00,1.81E+00,1.83E+00,1.43E+00,1.37E+00,-9.64E-01,6.7E-01,8.46E-02,8.65E-02,1.57E-01,8.28E-02,3.31E-02,1.27E-01,1.15E-01,0,4.94E-02,1.81E-01,2.54E-01,2.12E-01,1.3E-01,1.14E-01,1.13E-01,1.38E-01,1.11E-01,0,1.83E-01,9.86E-02,2.51E+01,6395,1629000,1.37E-01,1.14E-01,2.9E+01,7369,1875000,0,0,0,1.665E-321,3.16121E-316,1.3348E-312,0,0
Johnny_cash/07 - Southwestward.mp3.wav,Johnny_cash,2.28E+01,2.25E+01,1.58E-01,1.88E-01,1.08E-03,1.78E-03,1581,2.48E+02,1.88E-03,1.79E-03,7.61E-02,6.92E-02,5.96E-01,4.26E-02,5.31E+01,4.34E+01,-1.3E+02,6.5E+00,3.89E+00,2.84E-02,-1.81E+00,-2.31E+00,-2.86E-01,1.53E+00,-6.93E-03,-2.57E-01,3.3E-02,-1.29E+00,-7.65E-01,2.77E+01,5.39E+00,4.98E+00,3.42E+00,3.49E+00,2.44E+00,3.02E+00,2.38E+00,1.97E+00,2.33E+00,1.69E+00,1.53E+00,1.61E+00,-8.99E-01,5E-01,-2.37E-01,3.98E-02,9.88E-02,-3.75E-02,7.22E-03,1.28E-01,8.24E-02,0,1.73E-01,2.89E-01,2.85E-01,2.86E-01,1.99E-01,1.7E-01,1.56E-01,1.52E-01,1.52E-01,0,1.94E-01,1.66E-01,4.21E+01,10670,2710000,1.75E-01,3.64E-01,9.14E+01,22680,5708000,0,0,0,1.665E-321,3.16127E-316,1.3348E-312
Johnny_cash/07 - The Gambler.mp3.wav,Johnny_cash,9.25E+00,8.91E+00,6.12E-02,8.95E-02,7.73E-04,9.05E-04,1712,2.31E+02,2.86E-03,7.97E-04,1.03E-01,3.35E-02,5.84E-01,4.05E-02,3.08E+01,2.09E+01,2.12E+02,1.18E+01,2.76E+02,2.06E+01,9.17E-03,1.84E-04,-1.18E+02,6.77E+00,3.07E+00,6.69E-01,5.92E-01,-9.81E-01,8.62E-01,3.37E-01,1.08E-01,3.35E-02,-2.93E-01,-9.14E-01,-7.59E-02,1.48E+01,3.5E+00,3.83E+00,3.63E+00,2.92E+00,2.37E+00,2.34E+00,2.06E+00,1.85E+00,2E+00,1.79E+00,1.71E+00,1.56E+00,-9.57E-01,2.81E-01,-1.41E-01,2.88E-03,7.35E-02,6.45E-03,-7.54E-02,-2.98E-02,1.04E-01,0,6.61E-02,3.25E-01,2.19E-01,1.65E-01,1.92E-01,1.42E-01,1.27E-01,1.41E-01,1.41E-01,0,2.58E-01,2.37E-01,6.04E+01,15310,3895000,1.23E-01,3.22E-01,8.16E+01,20540,5204000
Johnny_cash/07 - The Last Time.mp3.wav,Johnny_cash,1.47E+01,1.02E+01,8.91E-02,9.83E-02,9.81E-04,1.66E-03,1682,1.78E+02,2.52E-03,1.29E-03,1.01E-01,4.85E-02,5.89E-01,7.55E-02,4.31E+01,2.39E+01,1.79E+02,3.3E-12,2.66E+02,4.15E+01,9.97E-03,3.16E-04,-1.15E+02,7.34E+00,4.47E+00,5.63E-01,-4.63E-01,-5.86E-01,-5.52E-01,1.25E+00,5.64E-01,5.6E-01,2.51E-01,-4.98E-01,-5.83E-01,1.17E+01,3.55E+00,3.42E+00,3.11E+00,2.5E+00,2.27E+00,2.27E+00,2.44E+00,1.85E+00,1.98E+00,1.75E+00,1.9E+00,1.82E+00,-9.47E-01,3E-01,-1.07E-01,-1.43E-02,9.27E-02,8.58E-02,-1.33E-02,2.15E-02,7.1E-02,0,7.04E-02,2.72E-01,2.14E-01,1.52E-01,1.82E-01,1.36E-01,1.17E-01,1.25E-01,1.23E-01,0,2.54E-01,2.54E-01,6.46E+01,16390,4168000,1.24E-01,3.33E-01,8.43E+01,21160,5357000
Johnny_cash/07 - Wanted Man.mp3.wav,Johnny_cash,2.24E+01,1.32E+01,1.58E-01,1.26E-01,1.91E-03,1.96E-03,1680,207,3.6E-03,1.53E-03,1.47E-01,5.98E-02,5.09E-01,3.99E-02,5.82E+01,2.77E+01,2.01E+02,1.65E+01,603,1.67E+02,9.24E-03,1.76E-04,-1E+02,3.02E+00,5.39E+00,9.11E-01,-3.68E-01,4.82E-01,3.64E-01,1.32E+00,-1.04E+00,-3E-01,-3.27E-01,-3.67E-01,-9.1E-02,1.3E+01,3.95E+00,3.98E+00,3.69E+00,2.74E+00,2.22E+00,2.42E+00,2.32E+00,2.4E+00,2.06E+00,1.73E+00,1.65E+00,1.65E+00,-9.02E-01,4.79E-01,-5.22E-01,1.53E-01,5.07E-02,-2.54E-02,1.89E-02,9.24E-02,6.15E-02,0,8.38E-02,1.9E-01,1.86E-01,2.64E-01,1.85E-01,1.53E-01,1.24E-01,1.2E-01,1.18E-01,0,4.15E-01,8.58E-02,2.19E+01,5567,1419000,1.99E-01,9.37E-02,2.38E+01,6057,1542000
Johnny_cash/07 - You And Tennessee.mp3.wav,Johnny_cash,1.72E+01,1.22E+01,1.14E-01,1.06E-01,4.2E-04,6.79E-04,1718,2.3E+02,1.7E-03,1.07E-03,6.74E-02,4.14E-02,5.56E-01,6.27E-02,4.55E+01,2.83E+01,1.88E+02,4.31E+01,1.29E+02,6.45E+01,1E-02,1.71E-03,-1.27E+02,6.41E+00,2.5E+00,5.52E-01,7.34E-01,-4.64E-01,-4.34E-01,4.68E-01,3.29E-01,-3.17E-01,-7.22E-01,7.17E-02,-5.17E-01,2.39E+01,4.54E+00,3.48E+00,3.2E+00,3.22E+00,2.69E+00,2.54E+00,2.04E+00,1.93E+00,1.84E+00,1.76E+00,1.72E+00,1.56E+00,-9.36E-01,4.98E-01,-2.91E-01,1.27E-01,8.82E-02,-7.05E-02,-4.22E-02,6.55E-02,3.55E-02,0,7.78E-02,2.48E-01,2.19E-01,2.37E-01,1.66E-01,1.63E-01,1.57E-01,1.53E-01,1.4E-01,0,1.66E-01,1.03E-01,2.63E+01,6688,1703000,1.09E-01,1.75E-01,4.43E+01,11210,2848000
Johnny_cash/08 - Another Song To Sing.mp3.wav,Johnny_cash,1.84E+01,1.13E+01,1.16E-01,1.08E-01,6.43E-04,8.02E-04,1679,2.16E+02,2.38E-03,1.24E-03,9.54E-02,4.8E-02,5.59E-01,6.13E-02,4.61E+01,2.44E+01,1.81E+02,3.36E+01,2.41E+02,5.4E+01,9.68E-03,3.52E-04,-1.13E+02,7.47E+00,7.23E-01,-1.79E+00,-1.23E-01,3.65E-02,9.61E-02,7.69E-01,-6.59E-01,-1E+00,-9.91E-01,-6.21E-01,-5.66E-01,1.38E+01,3.92E+00,3.07E+00,3.37E+00,2.78E+00,2.47E+00,2.32E+00,2.46E+00,1.93E+00,1.97E+00,1.82E+00,1.78E+00,1.74E+00,-9.39E-01,5.32E-01,-2.09E-01,1.58E-01,9.77E-02,5.02E-02,-6.59E-02,3.69E-02,6.62E-02,0,8.3E-02,2.57E-01,2.33E-01,1.93E-01,1.72E-01,1.47E-01,1.49E-01,1.38E-01,1.39E-01,0,2.5E-01,9.9E-02,2.52E+01,6420,1635000,1.24E-01,1.2E-01,3.06E+01,7763,1975000
Johnny_cash/08 - Cajun Born.mp3.wav,Johnny_cash,2.74E+01,1.53E+01,1.79E-01,1.43E-01,2.5E-03,2.94E-03,1642,1.73E+02,3.71E-03,2.01E-03,1.56E-01,7.58E-02,5.46E-01,5.8E-02,6.93E+01,3.31E+01,2.06E+02,2.25E+01,6.56E+02,2.02E+02,9.41E-03,3.8E-04,-9.48E+01,4.25E+00,1.23E-01,-1.1E+00,-1.42E+00,-9.83E-01,1.01E-01,-6.92E-01,-7.02E-01,-7.02E-01,-1.67E-01,1.39E-01,-5.65E-01,1.04E+01,3.09E+00,3.33E+00,2.72E+00,2.53E+00,2.09E+00,2.13E+00,2.07E+00,1.81E+00,1.77E+00,1.51E+00,1.47E+00,1.28E+00,-8.79E-01,3E-01,-1.04E-01,6.92E-02,9.88E-02,4.05E-02,-3.89E-02,5.78E-02,1.08E-01,0,1.24E-01,2.81E-01,1.78E-01,1.48E-01,1.61E-01,1.39E-01,1.26E-01,1.21E-01,1.28E-01,0,4.88E-01,2.17E-01,5.53E+01,14060,3580000,2.02E-01,2.13E-01,5.41E+01,13670,3473000
Johnny_cash/08 - Hardin Wouldnt Run.mp3.wav,Johnny_cash,1.44E+01,1.27E+01,8.59E-02,1.04E-01,1.6E-03,2.11E-03,1666,1.93E+02,3.45E-03,1.82E-03,1.37E-01,6.85E-02,5.62E-01,5.21E-02,3.64E+01,2.9E+01,2.07E+02,2.72E+01,5.12E+02,1.48E+02,9.47E-03,4.26E-04,-1.1E+02,1.04E+01,3.43E+00,-1.4E-01,4.49E-02,4.09E-01,-8.09E-01,9.72E-01,-2.41E-02,3.58E-01,-9.56E-02,-1.12E+00,-5.86E-01,1.45E+01,4.36E+00,4.52E+00,4.19E+00,2.87E+00,2.64E+00,2.41E+00,2.08E+00,1.95E+00,1.92E+00,1.63E+00,1.54E+00,1.47E+00,-9.54E-01,5.63E-01,-1.38E-01,4.13E-02,9.59E-02,9.26E-02,-2.5E-02,4.59E-02,5.86E-02,0,9.72E-02,2.25E-01,2.36E-01,2.15E-01,1.59E-01,1.53E-01,1.62E-01,1.29E-01,1.04E-01,0,3.17E-01,9.93E-02,2.53E+01,6437,1640000,1.7E-01,1.36E-01,3.46E+01,8763,2228000
Johnny_cash/08 - Remember the Alamo.mp3.wav,Johnny_cash,1.83E+01,1.11E+01,1.14E-01,1.03E-01,2.6E-03,3.64E-03,1756,2.27E+02,4.07E-03,2.27E-03,1.62E-01,8.82E-02,5.41E-01,6.91E-02,4.27E+01,2.38E+01,1.98E+02,3.37E+01,6.66E+02,1.37E+02,9.75E-03,6.27E-04,-1.03E+02,8.54E+00,2.21E+00,2E+00,-1.18E+00,-1.64E+00,-1.18E+00,1.49E+00,-5.64E-01,1.07E+00,-8.87E-01,-4.92E-01,-1.2E+00,1.62E+01,5.32E+00,3.22E+00,3.51E+00,3.38E+00,2.24E+00,3.06E+00,2.49E+00,2.19E+00,2.21E+00,1.75E+00,1.75E+00,1.77E+00,-9.41E-01,5.95E-01,-2.58E-01,1.22E-01,8.55E-02,3.72E-03,-8.71E-03,2.66E-02,1.2E-01,0,7.11E-02,2.04E-01,2.72E-01,2.2E-01,1.81E-01,1.61E-01,1.56E-01,1.36E-01,1.32E-01,0,3.98E-01,9.91E-02,2.52E+01,6419,1635000,2.45E-01,1.57E-01,3.98E+01,10070,2557000
Johnny_cash/08 - Rollin Free (Instrumental).mp3.wav,Johnny_cash,1.77E+01,1.07E+01,1.29E-01,1.18E-01,9.93E-04,9.35E-04,1663,1.79E+02,2.64E-03,9.15E-04,1.09E-01,3.21E-02,5.2E-01,3.15E-02,5.54E+01,2.4E+01,2.19E+02,9.62E+00,317,1.47E+01,9.24E-03,9.36E-05,-1.07E+02,2.81E+00,5.13E+00,2.58E+00,3.86E-01,8.86E-01,-6.02E-01,2.59E-01,-3.22E-01,5.81E-01,-1.92E-01,-7.12E-01,-2.77E-01,8.18E+00,3.33E+00,2.22E+00,1.88E+00,1.73E+00,1.76E+00,1.56E+00,1.58E+00,2.3E+00,1.78E+00,1.55E+00,1.51E+00,1.66E+00,-9.19E-01,2.6E-01,-3.07E-01,-1.42E-01,-3.36E-02,1.2E-02,3.88E-02,6.06E-02,1.04E-02,0,6.19E-02,2.02E-01,1.94E-01,1.44E-01,1.22E-01,1.04E-01,8.9E-02,8.32E-02,8.52E-02,0,3.11E-01,2.03E-01,5.16E+01,13120,3342000,1.1E-01,1.46E-01,3.72E+01,9439,2401000
Johnny_cash/08 - Shes A Go-er.mp3.wav,Johnny_cash,2.25E+01,1.74E+01,1.57E-01,1.56E-01,1.16E-03,1.85E-03,1665,1.78E+02,2.53E-03,1.14E-03,1.05E-01,4.29E-02,5.73E-01,6.05E-02,6.24E+01,3.62E+01,1.73E+02,3.84E+00,2.92E+02,4.68E+01,9.72E-03,2.19E-04,-1.07E+02,5.15E+00,5.26E+00,2.46E-02,-6.25E-01,-1.55E-01,-5.64E-02,3.72E-01,-7.44E-01,2.78E-03,-8.17E-02,-7.39E-01,-4.64E-01,1.03E+01,3.84E+00,3.44E+00,2.75E+00,2.29E+00,2.21E+00,2.1E+00,2.07E+00,1.93E+00,1.99E+00,1.72E+00,1.72E+00,1.58E+00,-8.95E-01,2.88E-01,-2.29E-01,-5.27E-02,8.42E-02,8.45E-02,-1.9E-02,6.3E-02,7.45E-02,0,1.39E-01,2.32E-01,2.19E-01,1.73E-01,1.93E-01,1.68E-01,1.29E-01,1.33E-01,1.3E-01,0,3.15E-01,2.49E-01,6.34E+01,16070,4087000,1.37E-01,3.23E-01,8.17E+01,20490,5183000
Johnny_cash/09 - Blistered.mp3.wav,Johnny_cash,2.18E+01,9.7E+00,1.55E-01,8.84E-02,1.22E-03,9.05E-04,1658,169,3.4E-03,8.11E-04,1.42E-01,3.03E-02,4.71E-01,3.38E-02,5.93E+01,2.27E+01,2.21E+02,3.24E-12,5.29E+02,6.13E+01,9.08E-03,6.14E-05,-9.47E+01,3.15E+00,9.36E-01,-8.2E-01,8.47E-01,1.37E+00,1.89E-01,3.67E-01,1.66E-01,2.38E-01,-1.26E+00,-7.53E-02,-4.73E-01,6.55E+00,3.26E+00,2.38E+00,2.31E+00,2.32E+00,1.94E+00,2E+00,1.91E+00,1.77E+00,1.53E+00,1.57E+00,1.42E+00,1.42E+00,-9.14E-01,4.77E-01,-3.61E-01,1.46E-01,9.16E-02,-3.25E-04,-5.72E-02,-3.68E-03,-2.16E-02,0,5.42E-02,1.44E-01,1.92E-01,1.81E-01,1.29E-01,1.26E-01,1.04E-01,1.04E-01,1.15E-01,0,4.46E-01,1.16E-01,2.95E+01,7503,1912000,1.11E-01,1.01E-01,2.57E+01,6523,1661000
Johnny_cash/09 - It Aint Nothing New Babe.mp3.wav,Johnny_cash,1.12E+01,9.52E+00,6.57E-02,8.08E-02,6.4E-04,8.13E-04,1721,1.85E+02,2.85E-03,1.11E-03,1.12E-01,4.27E-02,5.31E-01,7.59E-02,2.93E+01,2.11E+01,2.21E+02,9.11E-01,3.34E+02,5.27E+01,9.62E-03,3.04E-04,-1.18E+02,1.08E+01,3.31E+00,-5.26E-02,3.77E-01,5.88E-01,6.86E-01,5.09E-01,-8.68E-01,7.82E-01,-6.22E-01,6.21E-01,-6.87E-01,1.59E+01,4.39E+00,4.16E+00,3.37E+00,2.81E+00,2.39E+00,2.77E+00,2.67E+00,2E+00,2.13E+00,2.07E+00,1.98E+00,1.8E+00,-9.67E-01,4.79E-01,-8.43E-02,4.19E-02,1.68E-01,7.27E-02,-6.24E-02,-5.61E-03,9.73E-02,0,6.57E-02,2.32E-01,2.62E-01,1.65E-01,2.11E-01,1.52E-01,1.44E-01,1.4E-01,1.39E-01,0,2.48E-01,1.39E-01,3.55E+01,9021,2297000,1.25E-01,1.87E-01,4.75E+01,12000,3048000
Johnny_cash/09 - Narration.mp3.wav,Johnny_cash,2.19E+01,1.56E+01,1.25E-01,1.04E-01,1.95E-03,3.6E-03,1593,2.11E+02,2.55E-03,2.28E-03,1.02E-01,8.64E-02,5.97E-01,3.99E-02,4.95E+01,3.23E+01,191,2.76E+01,3.19E+02,4.74E+01,9.77E-03,4.72E-04,-1.19E+02,9.29E+00,-1.75E+00,-2.73E+00,-2.61E+00,-2.96E+00,-5.38E-01,-1.32E+00,2.32E+00,-6.54E-01,-1.84E+00,-1.52E+00,-1.03E+00,1.8E+01,5.89E+00,4.65E+00,3.34E+00,2.81E+00,2.68E+00,2.33E+00,2.1E+00,2.33E+00,1.92E+00,1.88E+00,1.74E+00,1.41E+00,-9.29E-01,7.09E-01,-1.79E-01,1.2E-01,9.67E-02,-4.65E-02,5.19E-02,1.82E-01,7.9E-02,0,1.21E-01,1.9E-01,2.61E-01,2.48E-01,1.65E-01,1.6E-01,1.6E-01,1.32E-01,1.2E-01,0,2.34E-01,9.01E-02,2.29E+01,5832,1485000,1.84E-01,1.58E-01,4.01E+01,10150,2578000
Johnny_cash/09 - Opening the West.mp3.wav,Johnny_cash,1.94E+01,2.06E+01,1.23E-01,1.63E-01,6.69E-04,1.8E-03,1692,2.39E+02,1.58E-03,1.31E-03,6.36E-02,5.12E-02,6.5E-01,5.44E-02,4.89E+01,4.28E+01,1.89E+02,4.32E+01,9.87E+01,1.96E+01,1.01E-02,6.04E-04,-1.3E+02,9.65E+00,2.5E+00,-3.89E-01,7.73E-01,-7.25E-01,2.86E-01,1.13E+00,9.25E-01,-5.01E-01,-1.11E+00,-2.9E-01,-2.9E-01,2.09E+01,5E+00,4.29E+00,3.57E+00,2.89E+00,2.91E+00,2.74E+00,2.35E+00,1.89E+00,2.09E+00,2.12E+00,2.07E+00,1.69E+00,-9.15E-01,3.34E-01,-2.51E-03,9.84E-02,5.67E-02,2.58E-02,3.97E-02,3.08E-02,2.93E-02,0,1.7E-01,3.35E-01,2.9E-01,2.5E-01,1.73E-01,1.54E-01,1.53E-01,1.73E-01,1.49E-01,0,1.62E-01,3.9E-01,9.9E+01,25000,6345000,1.34E-01,5.71E-01,1.44E+02,36110,9127000
Johnny_cash/09 - The Flint Arrowhead.mp3.wav,Johnny_cash,1.73E+01,2.08E+01,1.05E-01,1.43E-01,3.93E-04,1.01E-03,1690,2.2E+02,1.31E-03,1.26E-03,5.14E-02,4.87E-02,6.25E-01,6.99E-02,3.98E+01,3.36E+01,1.88E+02,5.75E+01,6.73E+01,2.93E+01,1.14E-02,1.64E-03,-1.46E+02,1.02E+01,2.12E+00,4.96E-01,1.77E+00,4.79E-02,-9.53E-01,5.06E-01,-7.12E-01,-1.68E+00,-1.24E+00,4.73E-03,1.99E-01,3.49E+01,6.24E+00,4.56E+00,3.64E+00,3.01E+00,2.53E+00,2.37E+00,2.12E+00,2.16E+00,2.35E+00,2E+00,1.8E+00,1.9E+00,-9.32E-01,5.53E-01,-7.86E-02,1.11E-01,6.73E-02,1.84E-02,-1.62E-02,-1.03E-03,2.91E-02,0,1.66E-01,2.6E-01,2.52E-01,1.85E-01,1.6E-01,1.52E-01,1.39E-01,1.36E-01,1.16E-01,0,1.14E-01,1.11E-01,2.83E+01,7187,1830000,1.16E-01,1.83E-01,4.66E+01,11780,2991000
Johnny_cash/09 - True Love is Greater than Friendship.mp3.wav,Johnny_cash,1.74E+01,1.03E+01,1.11E-01,7.84E-02,1.31E-03,2.23E-03,1689,1.93E+02,3.78E-03,2.04E-03,1.48E-01,7.78E-02,5.17E-01,7.26E-02,4.31E+01,2.32E+01,2.01E+02,4.94E+01,5.65E+02,2.14E+02,9.46E-03,5.47E-04,-1.11E+02,7.16E+00,-1.93E+00,7.55E-01,-3.15E-01,3.35E-01,-3.15E-02,2.36E-01,-8.29E-01,-1.38E+00,-1.87E+00,4.26E-02,-1.18E+00,1.52E+01,5.45E+00,5.34E+00,3.92E+00,3.18E+00,2.54E+00,2.46E+00,2.43E+00,2.36E+00,2.3E+00,2.43E+00,2.12E+00,2.26E+00,-9.49E-01,6.67E-01,-2.37E-01,-1.47E-03,3.56E-02,-3.35E-02,-7.5E-03,3.43E-02,7.37E-02,0,4.74E-02,2.27E-01,2.85E-01,1.89E-01,1.52E-01,1.51E-01,1.45E-01,1.31E-01,1.16E-01,0,3.24E-01,8.87E-02,2.26E+01,5750,1465000,1.72E-01,1.12E-01,2.85E+01,7230,1839000
Johnny_cash/10 - Go On Blues.mp3.wav,Johnny_cash,2.14E+01,1.59E+01,1.48E-01,1.28E-01,2.06E-04,4.32E-04,1747,1.83E+02,9.54E-04,7.34E-04,3.81E-02,2.89E-02,6.45E-01,5.72E-02,5.15E+01,3.31E+01,2.05E+02,4.54E+01,3.58E+01,1.51E+01,9.73E-03,6.1E-04,-1.39E+02,5.96E+00,3.26E+00,1.33E+00,-1.69E-01,5.97E-01,-6.26E-01,6.27E-01,4.28E-01,-1.07E-01,-7.63E-01,-9.26E-01,-8.8E-01,1.95E+01,7.41E+00,3.55E+00,3.92E+00,3.52E+00,2.67E+00,2.87E+00,2.69E+00,2.27E+00,2.08E+00,1.89E+00,1.88E+00,2.05E+00,-9.16E-01,6.27E-01,-4.48E-01,2.99E-01,-5.25E-03,-6.29E-03,5.38E-02,1.08E-01,-2.18E-02,0,9.42E-02,1.33E-01,2.88E-01,2.48E-01,2.14E-01,1.4E-01,1.36E-01,1.29E-01,1.41E-01,0,9.42E-02,2.38E-02,6.06E+00,1545,393600,7.9E-02,5.16E-02,1.31E+01,3338,849900
Johnny_cash/10 - Lorena.mp3.wav,Johnny_cash,2.08E+01,9.96E+00,1.32E-01,9.5E-02,1.04E-03,1.66E-03,1748,2E+02,3.18E-03,1.64E-03,1.27E-01,6.37E-02,5.69E-01,6.02E-02,5.22E+01,2.3E+01,2.13E+02,2.84E+01,4.44E+02,9.17E+01,9.74E-03,4.43E-04,-1.05E+02,7.54E+00,1.48E-01,1.52E-01,5.19E-01,-6.4E-01,-1.87E+00,5.54E-01,-2.56E-02,1.22E-01,-3.87E-01,2.74E-01,-1.31E+00,1.26E+01,3.51E+00,3.39E+00,3.12E+00,3.04E+00,2.38E+00,3.05E+00,2.6E+00,2.25E+00,2.31E+00,2.07E+00,2.1E+00,1.8E+00,-9.31E-01,5.35E-01,-1.54E-01,6.86E-02,5.2E-02,2.86E-02,-5.44E-02,-6.18E-03,3.07E-02,0,7.31E-02,3.07E-01,2.56E-01,1.85E-01,1.86E-01,1.67E-01,1.33E-01,1.31E-01,1.43E-01,0,3.33E-01,1.58E-01,4.02E+01,10190,2592000,1.7E-01,2.85E-01,7.23E+01,18200,4614000
Johnny_cash/10 - Mister Garfield.mp3.wav,Johnny_cash,2.28E+01,1E+01,1.55E-01,8.82E-02,3.19E-03,4.47E-03,1616,1.87E+02,3.65E-03,2.37E-03,1.49E-01,9.15E-02,6.1E-01,6.18E-02,5.61E+01,2.24E+01,1.94E+02,3.56E+01,6.09E+02,142,9.65E-03,4.32E-04,-1.01E+02,4.46E+00,-3.55E+00,2.66E-01,-4.26E-01,-9.7E-01,-8.8E-01,-3.21E-01,2.88E+00,-8.37E-01,-2.11E+00,-9.74E-01,-5.5E-01,1.44E+01,4.19E+00,3.66E+00,3.07E+00,2.6E+00,2.21E+00,2.15E+00,1.96E+00,1.89E+00,1.81E+00,1.63E+00,1.69E+00,1.56E+00,-9.24E-01,6.66E-01,-2.86E-01,6.24E-02,-8.32E-04,-5.23E-02,1.1E-02,6.45E-02,2.64E-02,0,6.5E-02,2.3E-01,1.93E-01,1.85E-01,1.3E-01,1.4E-01,1.27E-01,1.14E-01,1.12E-01,0,4.18E-01,9.32E-02,2.37E+01,6042,1539000,2.44E-01,1.29E-01,3.28E+01,8319,2115000
Johnny_cash/10 - Movin.mp3.wav,Johnny_cash,2.28E+01,1.23E+01,1.58E-01,1.11E-01,2.79E-03,4E-03,1662,2.12E+02,3.95E-03,2.03E-03,1.62E-01,8.05E-02,5.44E-01,3.12E-02,5.68E+01,2.43E+01,215,8.94E+00,7.21E+02,1.53E+02,9.44E-03,3.09E-04,-9.67E+01,3.49E+00,2.71E+00,1.49E+00,-2.53E-01,6.32E-01,-5.82E-01,1.03E+00,-9.14E-01,1.31E-01,-2.69E-01,-9.95E-02,-6.92E-01,1.31E+01,4.06E+00,3.4E+00,3.48E+00,2.91E+00,2.24E+00,2.55E+00,2.32E+00,1.91E+00,1.99E+00,1.8E+00,1.77E+00,1.78E+00,-9.07E-01,5.31E-01,-4.36E-01,1.03E-01,6.26E-02,-1.65E-02,-2.1E-02,7.64E-02,4.07E-02,0,7.2E-02,1.92E-01,2.13E-01,2.45E-01,1.91E-01,1.61E-01,1.33E-01,1.25E-01,1.11E-01,0,4.62E-01,8.96E-02,2.28E+01,5812,1481000,2.53E-01,1.05E-01,2.67E+01,6774,1722000
Johnny_cash/10 - One Way Rider.mp3.wav,Johnny_cash,2.95E+01,1.39E+01,2.26E-01,1.22E-01,1.36E-03,1.64E-03,1655,1.67E+02,2.66E-03,1.17E-03,1.14E-01,4.55E-02,5.52E-01,7.64E-02,7.78E+01,2.84E+01,2.16E+02,6.02E+00,353,6.92E+01,9.55E-03,1.88E-04,-9.96E+01,9.76E-01,6.69E-01,1.03E+00,3.67E-01,5.7E-01,8.1E-01,2.25E-01,-1.3E+00,4.35E-03,-6.93E-01,6.57E-02,-7.47E-01,9.75E+00,3.14E+00,3.13E+00,2.2E+00,2.31E+00,1.83E+00,1.9E+00,1.79E+00,1.81E+00,1.67E+00,1.6E+00,1.63E+00,1.55E+00,-8.62E-01,3.97E-01,-2.88E-01,3.38E-04,5.01E-02,-3.23E-02,-8.96E-02,1.38E-02,4.88E-02,0,9.12E-02,2.54E-01,2.44E-01,1.91E-01,1.63E-01,1.18E-01,1.16E-01,1.11E-01,1.09E-01,0,3.83E-01,2.05E-01,5.21E+01,13240,3370000,1.58E-01,2.08E-01,5.28E+01,13310,3377000
Johnny_cash/10 - Shrimpin Sailin.mp3.wav,Johnny_cash,2.55E+01,1.49E+01,1.61E-01,1.13E-01,9.85E-04,1.24E-03,1632,1.99E+02,2.37E-03,1.17E-03,9.72E-02,4.44E-02,5.21E-01,3.71E-02,6.42E+01,32,2.21E+02,2.48E+00,2.73E+02,5.93E+01,9.49E-03,2.58E-04,-1.11E+02,3.49E+00,1.43E+00,4.89E-01,-5.58E-01,-1.13E+00,1.91E+00,1.16E+00,-5.24E-01,5.3E-01,-8.76E-01,-5.3E-01,-6.33E-01,1.44E+01,3.9E+00,3.24E+00,3.59E+00,2.85E+00,2.71E+00,2.5E+00,2.2E+00,1.86E+00,2.31E+00,1.89E+00,2.13E+00,1.87E+00,-8.94E-01,4.38E-01,-1.27E-01,2.18E-02,3.94E-02,-4.55E-02,-8.21E-02,2.24E-03,2.42E-02,0,9.64E-02,2.42E-01,2.2E-01,2.08E-01,2.08E-01,1.84E-01,1.46E-01,1.38E-01,1.34E-01,0,2.74E-01,2.09E-01,5.32E+01,13520,3442000,1.26E-01,2.18E-01,5.53E+01,13960,3541000
Johnny_cash/11 - Ive Got A Thing About Trains.mp3.wav,Johnny_cash,1.74E+01,1.22E+01,1.16E-01,1.16E-01,1.06E-03,1.19E-03,1699,1.7E+02,3.06E-03,1.22E-03,1.23E-01,4.31E-02,5.34E-01,5.31E-02,5.09E+01,2.73E+01,1.8E+02,2.88E+00,4.03E+02,5.34E+01,9.42E-03,1.4E-04,-1.06E+02,4.07E+00,4.71E+00,1.33E+00,-9.14E-01,-2.07E-01,-3.76E-01,6.91E-01,1.2E-01,8.74E-02,-5.98E-01,2.3E-02,-1.71E-01,9.11E+00,3.19E+00,3.02E+00,2.36E+00,2.74E+00,2.13E+00,2.35E+00,2.19E+00,1.94E+00,1.97E+00,1.64E+00,1.6E+00,1.67E+00,-9.25E-01,2.72E-01,-2.38E-01,-8.28E-02,7.14E-02,3.08E-02,-3.43E-02,4.44E-02,8.67E-02,0,8.1E-02,2.88E-01,2.39E-01,1.85E-01,1.61E-01,1.5E-01,1.39E-01,1.31E-01,1.27E-01,0,3.27E-01,2.95E-01,7.51E+01,19070,4850000,1.06E-01,3.06E-01,7.77E+01,19610,4977000
Johnny_cash/11 - Little Man (Instrumental2).mp3.wav,Johnny_cash,8.48E+00,4.8E+00,4.87E-02,3.8E-02,9.34E-04,1.74E-03,1707,2.28E+02,3.43E-03,1.59E-03,1.33E-01,5.8E-02,5.39E-01,3.46E-02,2.38E+01,1.43E+01,1.45E+02,4.99E+01,4.59E+02,6.8E+01,9.37E-03,2.7E-04,-118,1.38E+01,8.4E-01,3.01E+00,1.03E+00,2.06E+00,3.68E-01,5.94E-01,2.94E-01,-3.67E-01,-1.45E-02,-4.68E-01,-2.53E-01,1.26E+01,4.85E+00,2.72E+00,2.28E+00,2.26E+00,2.03E+00,2.28E+00,2.05E+00,1.83E+00,1.79E+00,1.55E+00,1.63E+00,1.47E+00,-9.82E-01,5.57E-01,-3.14E-02,3.38E-02,-2.78E-03,3.86E-02,4.29E-02,2.36E-02,6.69E-03,0,2.18E-02,2.32E-01,2.14E-01,1.26E-01,9.61E-02,9.08E-02,8.77E-02,9.64E-02,9.05E-02,0,2.59E-01,6.11E-02,1.56E+01,3964,1010000,1.21E-01,8.29E-02,2.11E+01,5363,1365000
Johnny_cash/11 - Standing On The Promises.mp3.wav,Johnny_cash,3.81E+01,1.44E+01,2.55E-01,1.21E-01,2.31E-03,2.06E-03,1652,153,3.97E-03,1.87E-03,1.71E-01,7.76E-02,5.01E-01,7.03E-02,9.11E+01,2.97E+01,1.8E+02,2.42E+01,7.9E+02,4.79E+01,9.49E-03,3.04E-04,-9.16E+01,-5.97E-01,-3.68E-02,-1.09E+00,-3.27E+00,-6.06E-01,-6E-01,-9.32E-01,-1.26E+00,-7.97E-01,-9.32E-01,-5.73E-01,-5.61E-01,1.71E+01,4.21E+00,3.66E+00,2.42E+00,3.19E+00,2.33E+00,1.92E+00,1.95E+00,1.73E+00,1.69E+00,1.63E+00,2.16E+00,2.05E+00,-8.27E-01,5.42E-01,-3.03E-01,4.72E-02,8.4E-02,-4.79E-02,6.05E-03,1.25E-01,7.07E-02,0,1.09E-01,2.78E-01,2.07E-01,1.6E-01,1.25E-01,1.38E-01,1.25E-01,1.05E-01,9.71E-02,0,5.93E-01,1.97E-01,5.01E+01,12710,3235000,2.81E-01,2.46E-01,6.23E+01,15710,3982000
Johnny_cash/11 - The Gettysburg Adress.mp3.wav,Johnny_cash,1.76E+01,1.49E+01,1.11E-01,1.08E-01,1.43E-03,2.92E-03,1688,2.4E+02,2.12E-03,2.04E-03,8.48E-02,7.95E-02,6.09E-01,5.84E-02,4.15E+01,3.19E+01,1.48E+02,6.25E+01,1.9E+02,4.69E+01,9.86E-03,9.46E-04,-1.26E+02,9.45E+00,1.72E+00,8.82E-01,-4.05E-01,-7.16E-01,-9.47E-01,7.06E-01,-5.85E-02,-1.96E-02,-5.04E-01,-6.83E-01,-1.31E+00,2.51E+01,5.5E+00,4.6E+00,4.07E+00,3.23E+00,2.74E+00,2.54E+00,2.43E+00,2.02E+00,2.05E+00,1.95E+00,1.91E+00,1.61E+00,-9.41E-01,6.45E-01,-2.35E-01,9.16E-02,5.73E-02,-1.86E-02,1.57E-04,8.36E-02,1.02E-01,0,1.09E-01,1.8E-01,3.15E-01,2.53E-01,1.74E-01,1.63E-01,1.48E-01,1.57E-01,1.25E-01,0,2.06E-01,9.29E-02,2.37E+01,6016,1532000,2E-01,1.57E-01,4E+01,10100,2563000
Johnny_cash/11 - The Streets of Laredo.mp3.wav,Johnny_cash,1.75E+01,7.16E+00,1.08E-01,7.1E-02,1.9E-03,2.36E-03,1655,2.03E+02,3.75E-03,2.09E-03,1.49E-01,8.07E-02,5.5E-01,6.2E-02,4.14E+01,1.71E+01,2.17E+02,1.09E+01,5.93E+02,1.61E+02,1E-02,7.88E-04,-1.05E+02,9.59E+00,-8.26E-01,-1.68E+00,-1.53E+00,-5.2E-01,-1.47E+00,1.27E-01,-4.26E-01,-5.47E-01,-6.2E-01,-2.03E-01,-1.2E+00,1.6E+01,4.43E+00,4.33E+00,3.41E+00,3.02E+00,2.7E+00,2.46E+00,2.4E+00,2.22E+00,2.23E+00,2.18E+00,1.94E+00,1.54E+00,-9.55E-01,7.11E-01,-2.38E-01,1.2E-01,7.47E-02,-1.35E-03,-8.89E-03,6.83E-02,4.63E-02,0,4.47E-02,2.06E-01,2.72E-01,2.09E-01,1.48E-01,1.44E-01,1.28E-01,1.28E-01,1.21E-01,0,3.66E-01,5.76E-02,1.47E+01,3736,951700,2.01E-01,1.02E-01,2.6E+01,6588,1674000
Johnny_cash/11 - The Walls of A Prison.mp3.wav,Johnny_cash,1.67E+01,1.34E+01,1E-01,1.02E-01,2.53E-04,5.31E-04,1733,2.11E+02,1.33E-03,1.11E-03,5.22E-02,4.26E-02,5.8E-01,6.14E-02,4.13E+01,2.82E+01,2.09E+02,3.04E+01,7.93E+01,4.82E+01,1.02E-02,1.02E-03,-1.37E+02,8.9E+00,1.23E+00,6.25E-01,-5.04E-01,-4.57E-01,-6.69E-01,1.01E+00,2.25E-01,-7.76E-01,-8.1E-01,-1.58E-01,-8.17E-01,2.43E+01,5.44E+00,3.94E+00,4.28E+00,3.03E+00,2.62E+00,2.33E+00,2.26E+00,2.15E+00,2.33E+00,2.01E+00,1.81E+00,1.86E+00,-9.46E-01,6.01E-01,-2.23E-01,9.35E-02,7.57E-02,7.71E-03,-1.69E-02,8.72E-02,7.13E-02,0,9.51E-02,2.32E-01,2.71E-01,2.45E-01,1.76E-01,1.55E-01,1.54E-01,1.27E-01,1.23E-01,0,1.2E-01,8.42E-02,2.15E+01,5458,1390000,9.73E-02,1.29E-01,3.28E+01,8298,2109000
Johnny_cash/12 - Amazing Grace.mp3.wav,Johnny_cash,2.99E+01,1.19E+01,1.93E-01,9.8E-02,1.76E-03,2.22E-03,1647,133,3.46E-03,1.98E-03,1.44E-01,7.9E-02,4.87E-01,5.41E-02,7.34E+01,2.56E+01,2.04E+02,3.71E+01,5.32E+02,1.55E+02,9.64E-03,5.35E-04,-9.9E+01,2.15E+00,-9.55E-01,4.32E-02,-2.92E+00,-7.5E-01,-6.08E-01,-4.54E-01,-1.02E+00,-4.54E-01,-8.95E-01,-3.47E-01,-9.85E-01,1.74E+01,4.31E+00,4.22E+00,2.47E+00,3.13E+00,1.99E+00,2.28E+00,2.12E+00,1.93E+00,1.83E+00,1.96E+00,1.9E+00,1.81E+00,-8.85E-01,5.71E-01,-2.12E-01,-9.7E-03,8.98E-02,-2.64E-02,3.09E-02,1.34E-01,6.62E-02,0,8.21E-02,2.44E-01,2.07E-01,1.83E-01,1.28E-01,1.65E-01,1.35E-01,1.2E-01,1.02E-01,0,4.53E-01,1.81E-01,4.6E+01,11690,2975000,2.42E-01,1.95E-01,4.95E+01,12520,3178000
Johnny_cash/12 - Jesus Was A Carpenter.mp3.wav,Johnny_cash,1.23E+01,9.1E+00,7.14E-02,9.24E-02,7.1E-04,9.76E-04,1675,1.81E+02,2.42E-03,1.14E-03,9.51E-02,4.26E-02,5.42E-01,4.66E-02,3.34E+01,2.23E+01,1.99E+02,3.4E+01,2.36E+02,3.48E+01,9.31E-03,2.29E-04,-1.22E+02,8.34E+00,9.08E+00,6.35E-01,-1.28E+00,7.18E-01,-1.37E-01,1.55E+00,4.78E-01,-4.5E-01,-5.19E-01,-3.35E-01,-2.94E-01,1.44E+01,3.99E+00,3.52E+00,3.42E+00,3.06E+00,2.58E+00,2.75E+00,2.22E+00,1.88E+00,2.01E+00,1.78E+00,1.65E+00,1.54E+00,-9.6E-01,4.17E-01,-3.27E-01,1.49E-01,1.65E-01,1.25E-01,7.32E-02,1.22E-01,7.78E-02,0,5.71E-02,2.21E-01,2.67E-01,2.35E-01,1.78E-01,1.64E-01,1.43E-01,1.29E-01,1.25E-01,0,2.04E-01,8.94E-02,2.28E+01,5793,1475000,1.04E-01,1.36E-01,3.45E+01,8709,2211000
Johnny_cash/12 - The West.mp3.wav,Johnny_cash,2.69E+01,2.38E+01,1.78E-01,1.69E-01,1.43E-03,2.68E-03,1612,2.8E+02,2.09E-03,2.29E-03,8.4E-02,8.92E-02,5.91E-01,3.87E-02,6.37E+01,4.81E+01,1.19E+02,6.24E+01,2.22E+02,30,1.02E-02,7.78E-04,-1.35E+02,6.85E+00,-1.67E-01,-7.99E-01,-1.24E+00,-1.83E+00,-6.61E-01,1.51E+00,-7.68E-01,-1.81E-01,-1.31E-01,-8.9E-01,-1.05E+00,3.79E+01,6.94E+00,4.93E+00,4.15E+00,2.75E+00,2.84E+00,2.9E+00,2.16E+00,1.99E+00,2.13E+00,1.69E+00,1.44E+00,1.49E+00,-8.77E-01,5.11E-01,-1.37E-01,7.57E-03,6.26E-02,-4.04E-02,-1.14E-02,5.7E-02,9.38E-02,0,1.97E-01,3.68E-01,3.06E-01,2.31E-01,1.84E-01,1.58E-01,1.37E-01,1.49E-01,1.49E-01,0,2.15E-01,2.54E-01,6.45E+01,16340,4154000,2.24E-01,3.8E-01,9.61E+01,24160,6118000
Johnny_cash/12 - True Love is Greater than Friendship (Instrumental).mp3.wav,Johnny_cash,9.7E+00,5.43E+00,6.02E-02,5.74E-02,4.38E-04,9.47E-04,1928,2.31E+02,2.9E-03,1.31E-03,1.12E-01,4.82E-02,5.58E-01,4.65E-02,3.08E+01,1.63E+01,2.11E+02,2.49E+01,335,8.79E+01,9.29E-03,2.83E-04,-1.24E+02,1.03E+01,3.75E+00,5.76E+00,-5.55E-01,3.48E-01,1.38E+00,7.63E-03,1.15E+00,-1.58E+00,-3.74E-01,-1.49E+00,-7.07E-01,1.11E+01,3.69E+00,2.54E+00,2.46E+00,3.03E+00,2.51E+00,2.26E+00,2.32E+00,2.07E+00,2.41E+00,2.13E+00,2.33E+00,2.49E+00,-9.73E-01,5.17E-01,-2.45E-01,9.33E-02,-1.87E-01,3.66E-02,1.42E-01,1.08E-01,4E-02,0,2.49E-02,1.51E-01,2.26E-01,1.61E-01,2.35E-01,1.71E-01,1.3E-01,9.85E-02,9.01E-02,0,2.1E-01,5.47E-02,1.39E+01,3549,904400,8.36E-02,6.52E-02,1.66E+01,4217,1074000
Johnny_cash/13 - Big Foot.mp3.wav,Johnny_cash,1.64E+01,1.39E+01,1.07E-01,1.23E-01,1.43E-03,2.17E-03,1662,2.17E+02,2.66E-03,1.65E-03,1.07E-01,6.56E-02,6.21E-01,4.67E-02,4.33E+01,2.99E+01,209,1.75E+01,3.17E+02,6.4E+01,9.6E-03,4.11E-04,-1.15E+02,6.51E+00,4.92E+00,1.42E+00,7.35E-01,-3.63E-01,-9.17E-01,9.91E-01,-8.31E-02,-3.16E-01,-4.22E-01,-7.18E-01,-1.1E+00,1.71E+01,4.43E+00,3.91E+00,3.4E+00,2.82E+00,2.32E+00,2.29E+00,1.98E+00,1.8E+00,1.77E+00,1.64E+00,1.75E+00,1.5E+00,-9.34E-01,4.1E-01,-2.76E-01,9.16E-02,6.66E-02,4.88E-03,-3.07E-02,5.69E-02,7.05E-02,0,9.57E-02,2.28E-01,2.47E-01,2.27E-01,1.69E-01,1.65E-01,1.56E-01,1.31E-01,1.3E-01,0,2.79E-01,1.48E-01,3.75E+01,9531,2425000,2.05E-01,2.42E-01,6.12E+01,15370,3890000
Johnny_cash/13 - Johnny Reb.mp3.wav,Johnny_cash,2.07E+01,1.15E+01,1.32E-01,1.09E-01,2.34E-03,2.92E-03,1606,170,3.51E-03,2.13E-03,1.43E-01,8.26E-02,5.55E-01,5.61E-02,5.26E+01,2.75E+01,2.12E+02,2.92E+01,545,1.67E+02,9.67E-03,6.66E-04,-1.03E+02,5.69E+00,6.52E-01,-2.2E+00,-1.94E+00,-1.49E+00,6.04E-02,1.21E+00,-9.84E-01,-8.97E-01,-1.39E+00,-6.43E-01,-4.92E-01,1.73E+01,4.33E+00,3.64E+00,4.05E+00,2.82E+00,2.43E+00,2.4E+00,2E+00,1.99E+00,1.88E+00,1.77E+00,1.62E+00,1.43E+00,-9.27E-01,5.42E-01,-2.5E-01,1.28E-01,1.16E-01,2.1E-02,-8.38E-03,6.4E-02,7.94E-02,0,8.38E-02,2.42E-01,2.39E-01,2.36E-01,1.71E-01,1.56E-01,1.23E-01,1.42E-01,1.17E-01,0,4.01E-01,1.22E-01,3.11E+01,7916,2016000,2.3E-01,1.52E-01,3.86E+01,9782,2486000
Johnny_cash/13 - Movin (Instrumental).mp3.wav,Johnny_cash,1.13E+01,4.9E+00,7.07E-02,4.59E-02,1.4E-03,1.82E-03,1689,2.16E+02,3.77E-03,1.26E-03,1.5E-01,4.64E-02,5.64E-01,3.28E-02,3.29E+01,1.39E+01,1.65E+02,9.87E+00,5.97E+02,4.03E+01,9.25E-03,8.83E-05,-1.03E+02,1.03E+01,3.1E-01,2.63E+00,1.1E+00,1.21E+00,4.3E-01,4E-01,-4.42E-01,-3.47E-01,-4.07E-01,-6.88E-01,-5.55E-01,9.74E+00,4.05E+00,2.53E+00,1.78E+00,1.8E+00,1.74E+00,1.73E+00,1.54E+00,1.63E+00,1.61E+00,1.43E+00,1.43E+00,1.55E+00,-9.71E-01,5.43E-01,-1.28E-01,2.25E-02,-7.83E-03,5.7E-04,2.64E-02,1.96E-02,1.43E-02,0,2.34E-02,2.05E-01,2.04E-01,1.34E-01,1.09E-01,1.19E-01,1.04E-01,8.73E-02,8.55E-02,0,3.67E-01,1.54E-01,3.92E+01,9958,2534000,1.41E-01,2.29E-01,5.82E+01,14680,3725000
Johnny_cash/14 - A Letter From Home.mp3.wav,Johnny_cash,1.87E+01,1.12E+01,1.16E-01,9.08E-02,1.6E-03,2.12E-03,1701,198,3.48E-03,2.02E-03,1.39E-01,7.74E-02,5.72E-01,8.31E-02,4.69E+01,2.52E+01,2.03E+02,2.52E+01,5.54E+02,2.43E+02,9.65E-03,5.08E-04,-1.05E+02,6.54E+00,-1.95E+00,-1.82E+00,-2.2E+00,-6.34E-01,-1.48E-01,6.17E-01,-2.1E-01,-1.54E+00,-3.41E-01,-3.41E-01,-5.99E-01,1.34E+01,4.17E+00,3.77E+00,2.86E+00,2.47E+00,2.65E+00,2.29E+00,1.98E+00,2.03E+00,1.99E+00,1.55E+00,1.68E+00,1.57E+00,-9.41E-01,6.22E-01,-1.88E-01,6.93E-02,1.19E-02,8.29E-02,-3.03E-02,6.25E-02,6.56E-02,0,7.98E-02,2.25E-01,1.81E-01,1.61E-01,1.55E-01,1.4E-01,1.22E-01,1.14E-01,1.26E-01,0,3.56E-01,8.62E-02,2.2E+01,5591,1424000,1.87E-01,1.1E-01,2.81E+01,7128,1813000
Johnny_cash/14 - Like A Young Colt.mp3.wav,Johnny_cash,1.92E+01,2.15E+01,1.09E-01,1.59E-01,1.38E-03,1.98E-03,1627,2.61E+02,2.49E-03,1.96E-03,9.91E-02,7.54E-02,5.46E-01,5.05E-02,4.47E+01,4.2E+01,2.21E+02,3.07E-14,2.74E+02,3.46E-01,9.44E-03,9.91E-06,-1.22E+02,8.64E+00,4.9E+00,-3.49E-01,-4.23E-01,-2.84E+00,-2.69E-01,2.24E+00,1.02E+00,2.2E-01,-5.82E-01,-6.42E-01,-5.69E-01,2.25E+01,5.03E+00,4.44E+00,3.41E+00,3.26E+00,2.49E+00,2.68E+00,2.71E+00,2.13E+00,2.23E+00,1.92E+00,1.69E+00,1.57E+00,-9.19E-01,5.1E-01,-2.11E-01,9.66E-02,1.98E-01,-7.69E-03,-3.66E-02,1.04E-01,1.16E-01,0,1.76E-01,2.78E-01,2.34E-01,2.91E-01,2.2E-01,1.7E-01,1.43E-01,1.46E-01,1.24E-01,0,2.33E-01,1.5E-01,3.81E+01,9689,2466000,1.77E-01,2.14E-01,5.43E+01,13720,3484000
Johnny_cash/15 - Bury Me Not On The Lone Prairie.mp3.wav,Johnny_cash,1.5E+01,5.99E+00,8.58E-02,5.48E-02,1.41E-03,1.85E-03,1669,2.06E+02,3.67E-03,1.84E-03,1.45E-01,7.12E-02,6.03E-01,6.42E-02,3.6E+01,1.32E+01,2.08E+02,1.73E+01,582,1.69E+02,9.66E-03,3.99E-04,-1.07E+02,9.43E+00,1.07E+00,-3.6E-01,-2.89E+00,-2.09E+00,-2.13E+00,7.3E-01,1.28E+00,-9.88E-01,-1.62E+00,-4.98E-02,-1.13E+00,1.46E+01,4.24E+00,3.28E+00,3.91E+00,3.11E+00,2.71E+00,2.26E+00,2.18E+00,1.98E+00,2.06E+00,1.91E+00,1.8E+00,1.77E+00,-9.64E-01,6.76E-01,-1.99E-01,9.79E-02,9.42E-02,3.55E-02,6.54E-03,7.37E-02,6.89E-02,0,2.85E-02,1.78E-01,2.72E-01,1.96E-01,1.46E-01,1.36E-01,1.14E-01,1.27E-01,1.01E-01,0,3.46E-01,5.1E-02,1.3E+01,3310,843600,1.82E-01,6.41E-02,1.63E+01,4151,1057000
Johnny_cash/15 - Mister Garfield.mp3.wav,Johnny_cash,1.42E+01,1.26E+01,8.61E-02,1.2E-01,2.18E-03,3.41E-03,1666,2.06E+02,3.27E-03,2.02E-03,1.29E-01,7.8E-02,5.94E-01,5.23E-02,3.44E+01,2.86E+01,2.1E+02,2.39E+01,4.29E+02,7.54E+01,9.56E-03,4.23E-04,-1.14E+02,1.08E+01,3.89E+00,9.58E-01,1.01E+00,-1.31E+00,-1.87E-01,1.28E+00,2.12E-01,-1.76E-01,-6.44E-01,-1.02E+00,-6.38E-01,1.91E+01,4.81E+00,4.08E+00,3.46E+00,2.83E+00,2.45E+00,2.52E+00,2.22E+00,1.99E+00,2.04E+00,1.83E+00,1.82E+00,1.57E+00,-9.54E-01,5.34E-01,-1.47E-01,9.84E-02,1.32E-01,8.6E-03,-9.96E-03,8.69E-02,9.99E-02,0,9.34E-02,2.82E-01,2.54E-01,2.36E-01,1.7E-01,1.75E-01,1.43E-01,1.29E-01,1.3E-01,0,2.95E-01,1.18E-01,3.01E+01,7641,1945000,2.03E-01,2.05E-01,5.2E+01,13090,3320000
Johnny_cash/16 - Mean As Hell.mp3.wav,Johnny_cash,1.96E+01,1.43E+01,1.17E-01,1.08E-01,8.76E-04,1.94E-03,1595,2.08E+02,1.81E-03,1.6E-03,7.28E-02,6.21E-02,6.09E-01,4.86E-02,4.62E+01,3.21E+01,1.98E+02,3.66E+01,1.39E+02,4.27E+01,1.15E-02,2.24E-03,-1.26E+02,8.19E+00,2.36E+00,-1.18E+00,-1.58E+00,-2.31E+00,-1.05E+00,2.02E-01,1.28E-01,-9.7E-01,-2.56E-01,-1.64E+00,-1.31E+00,2.44E+01,5.07E+00,4.63E+00,3.92E+00,2.77E+00,2.61E+00,2.61E+00,2.33E+00,1.83E+00,2.01E+00,1.73E+00,1.67E+00,1.53E+00,-9.31E-01,6.01E-01,-2.65E-01,1.43E-01,1.09E-01,-3.21E-02,1.27E-02,1.31E-01,6.53E-02,0,1.11E-01,2.56E-01,2.78E-01,2.65E-01,1.83E-01,1.64E-01,1.53E-01,1.4E-01,1.21E-01,0,1.81E-01,1.02E-01,2.61E+01,6632,1689000,1.51E-01,1.65E-01,4.19E+01,10620,2699000
Johnny_cash/17 - Sam Hall.mp3.wav,Johnny_cash,2.15E+01,1.07E+01,1.36E-01,1.04E-01,1.84E-03,2.57E-03,1690,1.9E+02,3.33E-03,1.99E-03,1.35E-01,7.72E-02,5.62E-01,6.65E-02,5.15E+01,2.41E+01,2.06E+02,2.52E+01,4.92E+02,146,9.62E-03,3.92E-04,-1.04E+02,5.57E+00,-1.12E+00,-1.19E+00,-2.35E+00,-2.05E-01,-1.35E-01,-4.21E-02,-2.24E-01,-4.59E-01,4.38E-01,-1.19E+00,-4.56E-01,1.37E+01,4.33E+00,3.87E+00,3.33E+00,3.3E+00,2.48E+00,2.34E+00,2.13E+00,2.03E+00,1.79E+00,1.76E+00,1.76E+00,1.56E+00,-9.28E-01,6.11E-01,-2.85E-01,1.22E-01,8.1E-02,1.55E-03,4.73E-02,1.12E-01,3.31E-02,0,7.11E-02,2.69E-01,2.37E-01,1.99E-01,1.48E-01,1.42E-01,1.42E-01,1.35E-01,1.13E-01,0,3.59E-01,9.78E-02,2.49E+01,6336,1614000,1.96E-01,1.32E-01,3.35E+01,8491,2159000
Johnny_cash/17 - The Big Battle.mp3.wav,Johnny_cash,1.44E+01,9.74E+00,8.82E-02,9.46E-02,1.31E-03,2.19E-03,1734,2.26E+02,3.05E-03,1.9E-03,1.2E-01,7.36E-02,5.74E-01,5.92E-02,3.43E+01,2.26E+01,1.86E+02,4E+01,3.87E+02,9.77E+01,9.48E-03,6.73E-04,-1.13E+02,1.12E+01,2.18E+00,1.72E+00,6.34E-02,-9.96E-01,-1.18E+00,7.39E-01,3.5E-01,5.56E-01,-1.13E+00,-2.12E-01,-8.81E-01,1.74E+01,4.76E+00,3.73E+00,3.48E+00,3.29E+00,2.47E+00,2.92E+00,2.31E+00,1.93E+00,2.27E+00,1.81E+00,1.72E+00,1.56E+00,-9.59E-01,6.2E-01,-1.9E-01,1.1E-01,8.16E-02,-7.51E-03,-2.05E-02,7.53E-02,1.06E-01,0,7.14E-02,2.18E-01,2.76E-01,2.11E-01,1.66E-01,1.61E-01,1.43E-01,1.35E-01,1.42E-01,0,2.79E-01,7.98E-02,2.03E+01,5171,1317000,1.87E-01,1.28E-01,3.26E+01,8242,2093000
Johnny_cash/18 - 25 Minutes To Go.mp3.wav,Johnny_cash,2.02E+01,1.42E+01,1.35E-01,1.33E-01,2.45E-03,2.96E-03,1628,1.91E+02,4.09E-03,2.12E-03,1.64E-01,8.01E-02,5.04E-01,7.55E-02,4.99E+01,3.03E+01,2.15E+02,2.06E+01,7.17E+02,1.73E+02,9.47E-03,4.1E-04,-1.01E+02,5.66E+00,2.18E+00,8.29E-01,-1.22E+00,-1.29E-01,3.5E-01,7.14E-01,-7.74E-02,-2.61E-01,-5.2E-01,-8.78E-01,-1.09E+00,1.32E+01,4.69E+00,4E+00,3.09E+00,2.91E+00,2.19E+00,2.48E+00,1.96E+00,2.24E+00,2.07E+00,1.88E+00,1.88E+00,1.96E+00,-9.26E-01,5.45E-01,-2.73E-01,6.98E-02,7.3E-02,2.08E-02,-1.59E-02,1.01E-01,6.8E-02,0,9.9E-02,2.68E-01,2.36E-01,2.11E-01,1.66E-01,1.59E-01,1.32E-01,1.36E-01,1.11E-01,0,4.15E-01,1.06E-01,2.71E+01,6887,1754000,1.96E-01,1.51E-01,3.84E+01,9720,2469000
Johnny_cash/18 - On Wheels and Wings.mp3.wav,Johnny_cash,2.24E+01,3.32E+01,1.73E-01,2.92E-01,9.1E-07,4.24E-06,1542,1.94E+02,1.3E-04,1.15E-04,5.05E-03,4.22E-03,4.49E+01,6.06E+01,-2.15E+02,6.71E+00,7.67E+00,3.14E+00,1.4E+00,-1.05E-01,8.74E-01,-2.56E-02,5.29E-01,9.93E-01,1.78E+00,1.09E+00,1.22E+00,2.01E+01,7.55E+00,3.77E+00,1.91E+00,1.11E+00,1.01E+00,1.25E+00,1.13E+00,1.18E+00,1.46E+00,1.64E+00,1.41E+00,1.3E+00,-8.57E-01,-1.01E-01,5.4E-02,1.13E-01,8.97E-02,7.53E-02,6.94E-02,6.32E-02,6.37E-02,0,2.52E-01,2.28E-01,2.06E-01,1.35E-01,1.11E-01,9.23E-02,6.98E-02,7.93E-02,6.11E-02,0,6.66E-03,4.22E-01,1.07E+02,27250,6932000,4.24E-03,3.17E-01,8.05E+01,20340,5165000,0,0,0,1.665E-321,3.16394E-316,1.3348E-312,0,0
Johnny_cash/19 - Come Take A Trip on My Airship.mp3.wav,Johnny_cash,2E+01,1.68E+01,1.29E-01,1.32E-01,9.86E-04,1.71E-03,1738,2.34E+02,2.55E-03,1.96E-03,1.01E-01,7.58E-02,5.72E-01,5.68E-02,4.62E+01,3.57E+01,2.07E+02,3.12E+01,2.87E+02,3.79E+01,9.76E-03,3.95E-04,-1.19E+02,8.46E+00,1.19E+00,1.42E+00,-1.78E-01,-4.12E-01,-1.94E+00,4.07E-01,-2.09E-01,5.74E-01,-9.14E-01,-2.25E-01,-7.07E-01,2.76E+01,5.02E+00,3.88E+00,3.69E+00,3.35E+00,2.42E+00,2.84E+00,2.29E+00,1.84E+00,2.06E+00,1.69E+00,1.79E+00,1.66E+00,-9.26E-01,5.75E-01,-2.32E-01,8.34E-02,6.34E-02,2.77E-02,-3E-02,7.45E-02,5.62E-02,0,1.31E-01,2.61E-01,2.7E-01,2.35E-01,1.83E-01,1.71E-01,1.6E-01,1.15E-01,1.36E-01,0,2.48E-01,9.04E-02,2.3E+01,5849,1489000,1.89E-01,1.72E-01,4.37E+01,11040,2802000
Johnny_cash/19 - The Blizzard.mp3.wav,Johnny_cash,1.74E+01,1.11E+01,1.11E-01,1.08E-01,1.59E-03,1.97E-03,1637,2.23E+02,3.34E-03,1.8E-03,1.33E-01,6.96E-02,5.78E-01,6.27E-02,4.42E+01,2.64E+01,2.19E+02,1.05E+01,4.59E+02,9.67E+01,9.96E-03,4.45E-04,-1.07E+02,8.33E+00,1.52E+00,-3.46E-01,-1.57E+00,-2.12E+00,-5.35E-01,3.56E-01,-5.49E-01,2.28E-01,-6.72E-01,-7.27E-01,-9.41E-01,1.53E+01,4.07E+00,3.69E+00,3.96E+00,3.25E+00,2.74E+00,2.29E+00,2.15E+00,2.06E+00,2.08E+00,1.94E+00,1.71E+00,1.65E+00,-9.44E-01,5.97E-01,-3.05E-01,1.3E-01,1.03E-01,3.95E-04,-8.09E-03,9.69E-02,7.99E-02,0,8.19E-02,2.34E-01,2.51E-01,2.44E-01,1.72E-01,1.68E-01,1.3E-01,1.39E-01,1.35E-01,0,3.4E-01,7.66E-02,1.95E+01,4967,1265000,1.88E-01,1.13E-01,2.88E+01,7301,1857000
Johnny_cash/20 - Narration.mp3.wav,Johnny_cash,2.13E+01,1.99E+01,1.23E-01,1.42E-01,1.52E-03,2.81E-03,1572,2.08E+02,2.39E-03,2.07E-03,9.64E-02,7.93E-02,5.77E-01,4.81E-02,4.95E+01,4.15E+01,1.29E+02,7.13E+01,2.48E+02,7.77E+00,9.58E-03,8.29E-05,-120,9.46E+00,6.29E-01,-2.05E+00,-2.33E+00,-3.31E+00,-5.85E-01,8.68E-01,4.67E-01,-1.03E+00,-1.21E+00,-8.57E-01,-8.31E-01,2E+01,5.32E+00,5.12E+00,4.22E+00,2.96E+00,2.7E+00,2.23E+00,2.08E+00,1.85E+00,2.01E+00,1.48E+00,1.42E+00,1.5E+00,-9.18E-01,6.52E-01,-1.07E-01,2.77E-02,1.28E-01,4.23E-02,1.3E-02,1.19E-01,9.33E-02,0,1.71E-01,2.3E-01,2.29E-01,2.42E-01,1.85E-01,1.66E-01,1.28E-01,1.37E-01,1.19E-01,0,2.36E-01,1.27E-01,3.24E+01,8237,2098000,1.86E-01,1.71E-01,4.34E+01,10990,2793000
deep_purple/01 - Highway Star.mp3.wav,deep_purple,3.28E+01,1.64E+01,2.4E-01,1.79E-01,1.26E-03,1.28E-03,1580,1.56E+02,2.56E-03,8.92E-04,1.13E-01,3.28E-02,5.48E-01,4.82E-02,8.87E+01,3.33E+01,2.03E+02,2.21E+01,3.33E+02,3.88E+01,9.18E-03,1.85E-04,-1.01E+02,1.91E+00,1.15E+00,1.95E+00,1.66E+00,5.6E-01,2.45E-01,8.28E-02,-1.17E+00,-5.9E-01,6.35E-01,-5.45E-01,-4.06E-01,7.77E+00,3.12E+00,2.83E+00,2.42E+00,2.28E+00,2.03E+00,1.99E+00,1.76E+00,1.63E+00,1.81E+00,1.6E+00,1.67E+00,1.59E+00,-8.22E-01,-1.43E-02,1.4E-02,3.58E-03,-3.15E-02,-2.65E-02,-2.95E-02,-4.72E-02,-2.85E-02,0,1.24E-01,3.15E-01,1.75E-01,1.59E-01,1.29E-01,1.08E-01,1.15E-01,1.23E-01,1.11E-01,0,4.15E-01,5.31E-01,1.35E+02,34140,8675000,1.29E-01,4.49E-01,1.14E+02,28530,7220000
deep_purple/02 - Maybe I m A Leo.mp3.wav,deep_purple,2.61E+01,2.33E+01,1.92E-01,2.06E-01,4.25E-04,5.73E-04,1582,1.72E+02,1.76E-03,6.88E-04,7.52E-02,2.69E-02,5.28E-01,4.34E-02,7.2E+01,4.83E+01,1.78E+02,1.73E+01,1.48E+02,3.09E+01,9.25E-03,1.5E-04,-1.17E+02,3.24E+00,2.48E+00,2.94E+00,2.7E+00,1.56E+00,2E-01,1.4E-01,-6.93E-01,-2.38E-01,1.11E+00,-2.31E-01,-6E-01,1.45E+01,3.74E+00,3.01E+00,2.35E+00,2.04E+00,2.01E+00,1.73E+00,1.7E+00,1.65E+00,1.65E+00,1.62E+00,1.57E+00,1.42E+00,-8.5E-01,-2.23E-02,-5.65E-02,-9.61E-03,-5.05E-02,-1.71E-02,-5.46E-03,-1.95E-02,-3.41E-03,0,1.87E-01,3.36E-01,2.09E-01,1.46E-01,1.17E-01,1E-01,1.05E-01,9.72E-02,9.38E-02,0,2.43E-01,4.98E-01,1.26E+02,31960,8115000,1.09E-01,5.35E-01,1.35E+02,33730,8518000
deep_purple/03 - Pictures Of Hom.mp3.wav,deep_purple,2.93E+01,1.59E+01,2.03E-01,1.83E-01,6.58E-04,7.14E-04,1580,1.64E+02,1.86E-03,7.05E-04,8.09E-02,2.66E-02,5.77E-01,4.44E-02,8.24E+01,3.39E+01,1.76E+02,3.4E+01,1.69E+02,2.16E+01,9.31E-03,1.59E-04,-111,4.32E+00,1.49E+00,-4.35E-01,1.17E+00,1.17E+00,2.59E-01,-3.31E-03,-7.37E-01,-1.1E+00,7.12E-01,-4.36E-01,-1.03E+00,8.06E+00,3.42E+00,3.19E+00,2.34E+00,2.51E+00,1.98E+00,2.04E+00,1.86E+00,1.96E+00,1.71E+00,1.82E+00,1.73E+00,1.71E+00,-8.45E-01,-6.56E-02,-6.94E-03,9.47E-02,3.8E-02,1.6E-02,2.01E-02,8.5E-03,1.59E-02,0,1.23E-01,3.02E-01,2.14E-01,1.38E-01,1.15E-01,9.98E-02,1.01E-01,1.18E-01,1.05E-01,0,2.8E-01,4.74E-01,1.21E+02,30530,7762000,1.03E-01,3.81E-01,9.63E+01,24160,6114000
deep_purple/04 - Never Before.mp3.wav,deep_purple,2.96E+01,1.88E+01,2.19E-01,2.07E-01,6.97E-04,9.11E-04,1598,1.66E+02,1.97E-03,8.14E-04,8.53E-02,3.04E-02,5.53E-01,4.03E-02,8.29E+01,4.09E+01,1.81E+02,2.88E+01,2E+02,3.79E+01,9.2E-03,1.71E-04,-1.11E+02,3.58E+00,2.03E+00,2.51E-01,1.4E+00,9.51E-01,3.91E-01,-8.1E-02,-1.07E+00,-4.87E-01,4.74E-01,-5.62E-01,-3.31E-01,1.34E+01,3.26E+00,3.07E+00,2.11E+00,2.35E+00,1.87E+00,1.89E+00,1.73E+00,1.89E+00,1.87E+00,1.7E+00,1.73E+00,1.85E+00,-8.35E-01,-5.84E-02,-4.45E-02,2.73E-02,2.58E-02,2.98E-02,2.62E-02,1.44E-02,-1.51E-02,0,1.49E-01,3.34E-01,1.98E-01,1.54E-01,1.22E-01,1.06E-01,1.02E-01,1.07E-01,9.69E-02,0,2.92E-01,5.02E-01,1.28E+02,32310,8209000,1.17E-01,4.66E-01,1.18E+02,29530,7469000
deep_purple/05 - Smoke On The Wa.mp3.wav,deep_purple,1.88E+01,1.43E+01,1.22E-01,1.45E-01,6.61E-04,9.8E-04,1541,1.71E+02,2.01E-03,8.3E-04,8.37E-02,3.18E-02,5.54E-01,4.47E-02,5.75E+01,3.34E+01,2.17E+02,1.89E+01,1.95E+02,3.94E+01,9.46E-03,1.92E-04,-1.17E+02,5.94E+00,2.92E+00,1.74E+00,2.26E+00,6.96E-01,3.93E-01,5.1E-01,-2.99E-01,-3.91E-01,1.22E+00,-6.75E-01,-9.15E-01,1.35E+01,3.8E+00,2.93E+00,1.97E+00,2.28E+00,1.85E+00,1.88E+00,1.59E+00,1.64E+00,1.66E+00,1.61E+00,1.56E+00,1.49E+00,-9.07E-01,-3.82E-02,1.41E-02,3.23E-02,1.24E-02,1.09E-02,4.08E-03,-2.4E-02,9.66E-03,0,1.05E-01,3.28E-01,1.94E-01,1.39E-01,1.12E-01,9.41E-02,9.76E-02,1.04E-01,8.33E-02,0,2.49E-01,4.14E-01,1.05E+02,26660,6779000,1.23E-01,3.56E-01,9.02E+01,22710,5755000
deep_purple/06 - Lazy.mp3.wav,deep_purple,2.96E+01,2.75E+01,1.86E-01,1.79E-01,1.31E-04,2.1E-04,1633,2.03E+02,1.14E-03,7.53E-04,4.84E-02,3.3E-02,5.44E-01,1.1E-01,6.7E+01,5.33E+01,2.2E+02,4.79E+00,7.42E+01,7.2E+01,9.96E-03,9.93E-04,-1.37E+02,5.37E+00,-9.59E-01,1.87E+00,1.97E-01,3.87E-01,3.8E-02,-4.35E-03,-8.12E-01,-1.23E+00,4.73E-01,-4.72E-01,1.28E+00,3.17E+01,8.4E+00,6.43E+00,3.52E+00,3E+00,2.56E+00,2.49E+00,2.43E+00,1.79E+00,2.44E+00,1.88E+00,2.16E+00,1.5E+00,-8.63E-01,5.43E-01,-1.18E-01,6.52E-02,1.25E-02,3.27E-02,2.17E-02,3.98E-02,1.39E-02,0,2.32E-01,3.61E-01,3.35E-01,2.18E-01,1.47E-01,1.2E-01,1.06E-01,1.02E-01,9.25E-02,0,1.54E-01,2.18E-01,5.53E+01,13990,3552000,1.32E-01,4.4E-01,1.11E+02,27550,6941000
deep_purple/07 - Space Truckin.mp3.wav,deep_purple,2.7E+01,1.88E+01,2E-01,1.84E-01,6.92E-04,8.79E-04,1560,1.61E+02,1.97E-03,7.24E-04,8.53E-02,2.65E-02,5.95E-01,3.21E-02,7.59E+01,4.1E+01,1.6E+02,2.96E+01,1.9E+02,1.41E+01,9.15E-03,1.48E-04,-1.1E+02,2.58E+00,2.09E+00,3.03E+00,1.7E+00,1.57E+00,5.01E-01,2.85E-01,-7.85E-01,-1.18E+00,4.2E-02,-4.49E-01,-2.74E-01,8.77E+00,3.56E+00,2.54E+00,1.97E+00,1.97E+00,1.71E+00,1.65E+00,1.64E+00,1.6E+00,1.66E+00,1.6E+00,1.47E+00,1.5E+00,-8.5E-01,-1.3E-02,-2.6E-02,1.13E-02,-6.7E-02,-4.73E-02,-4.18E-03,-4.95E-03,2.8E-03,0,1.49E-01,2.77E-01,1.73E-01,1.34E-01,1.01E-01,8.97E-02,8.76E-02,9.24E-02,8.64E-02,0,2.91E-01,4.39E-01,1.12E+02,28260,7185000,1.03E-01,3.75E-01,9.49E+01,23880,6049000
deep_purple/DEEP PURPLE - COME TASTE THE BAND - 01 - COMIN HOME.mp3.wav,deep_purple,2.6E+01,9E+00,1.76E-01,6.99E-02,2.74E-03,2.14E-03,1570,1.38E+02,3.88E-03,1.25E-03,1.65E-01,4.56E-02,5.41E-01,4.48E-02,6.92E+01,1.9E+01,2.05E+02,1.81E+01,7.39E+02,1.4E+02,9.14E-03,9.13E-05,-8.97E+01,1.83E+00,-4.07E-01,1.66E+00,1.39E+00,9.09E-01,3.71E-01,2.59E-01,3.69E-01,-3.96E-01,-2.46E-01,-1.28E-01,-9.17E-01,6.92E+00,2.5E+00,2.77E+00,2.05E+00,2.18E+00,1.96E+00,2E+00,1.83E+00,1.84E+00,1.75E+00,1.74E+00,1.98E+00,1.74E+00,-9E-01,4.92E-01,-1.73E-01,2.03E-02,-8.19E-03,-1.76E-02,-6.98E-02,7.5E-03,2.34E-03,0,5.05E-02,2.06E-01,1.61E-01,1.13E-01,9.83E-02,1E-01,9.25E-02,1.06E-01,9.34E-02,0,5.49E-01,1.53E-01,3.91E+01,9940,2532000,1.53E-01,1.2E-01,3.06E+01,7757,1974000
deep_purple/DEEP PURPLE - COME TASTE THE BAND - 02 - LADY LUCK.mp3.wav,deep_purple,2.61E+01,9.69E+00,1.85E-01,8.68E-02,2.45E-03,2.23E-03,1574,1.44E+02,3.82E-03,1.19E-03,1.63E-01,4.56E-02,5.18E-01,4.25E-02,7.29E+01,2.09E+01,2.14E+02,6.06E+00,6.95E+02,6.7E+01,9.27E-03,1.13E-04,-9.15E+01,1.19E+00,8.97E-01,2.19E+00,1.74E+00,1.21E+00,1.08E-01,-4.8E-01,2.38E-01,-1.83E-01,8.08E-01,2.04E-01,-9.94E-01,8.25E+00,2.79E+00,2.64E+00,2.23E+00,2.17E+00,2.2E+00,2.02E+00,1.83E+00,1.84E+00,1.91E+00,1.96E+00,1.85E+00,1.73E+00,-8.85E-01,3.38E-01,-1.72E-01,3.01E-02,-3.28E-02,-4.97E-02,-4.65E-02,-9.93E-03,-1.12E-02,0,5.78E-02,2.36E-01,1.82E-01,1.47E-01,1.19E-01,1.17E-01,1.07E-01,1.08E-01,9.86E-02,0,5.56E-01,2.45E-01,6.23E+01,15830,4031000,1.75E-01,2.07E-01,5.25E+01,13290,3376000
deep_purple/DEEP PURPLE - COME TASTE THE BAND - 03 - GETTIN TIGHTER.mp3.wav,deep_purple,3.04E+01,1.56E+01,2.31E-01,1.54E-01,2.45E-03,2.51E-03,1589,1.49E+02,3.71E-03,1.34E-03,1.61E-01,5.05E-02,5.35E-01,4.06E-02,8.37E+01,3.24E+01,2.09E+02,2.73E+01,6.94E+02,106,9.21E-03,1.65E-04,-9.44E+01,2.52E-02,3.26E+00,2.7E+00,1.16E+00,1.41E+00,-4.76E-01,-1.15E+00,-1.47E-01,-6.37E-02,6.62E-01,-4.3E-01,-1.12E+00,8.88E+00,2.99E+00,2.91E+00,2.59E+00,2.53E+00,2.17E+00,1.91E+00,1.92E+00,1.94E+00,2.21E+00,1.92E+00,1.78E+00,1.72E+00,-8.41E-01,1.66E-01,-1.31E-01,-5.42E-02,-5.34E-02,-2.87E-02,-2.69E-02,4.09E-02,1.63E-02,0,1.15E-01,2.7E-01,1.52E-01,1.4E-01,1.18E-01,1.14E-01,1.03E-01,1.03E-01,9.94E-02,0,5.64E-01,3.18E-01,8.08E+01,20530,5225000,2E-01,2.49E-01,6.32E+01,15970,4053000